Year,1,2,3,4,5,6,7,8,9,10,11,12,13,14,15,16,17,18,19,20,21,22,23,24,25,26,27,28,29,30,31,32,33,34,35,36,37,38,39,40,41,42,43,44,45,46,47,48,49,50,51,52,53,54,55,56,57,58,59,60,61,62,63,64,65,66,67,68,69,70,71,72,73,74,75,76,77,78,79,80,81,82,83,84,85,86,87,88,89,90,91,92,93,94,95,96,97,98,99,100,101,102,103,104,105,106,107,108,109,110,111,112,113,114,115,116,117,118,119,120,121,122,123,124,125,126,127,128,129,130,131,132,133,134,135,136,137,138,139,140,141,142,143,144,145,146,147,148,149,150,151,152,153,154,155,156,157,158,159,160,161,162,163,164,165,166,167,168,169,170,171,172,173,174,175,176,177,178,179,180,181,182,183,184,185,186,187,188,189,190,191,192,193,194,195,196,197,198,199,200,201,202,203,204,205,206,207,208,209,210,211,212,213,214,215,216,217,218,219,220,221,222,223,224,225,226,227,228,229,230,231,232,233,234,235,236,237,238,239,240,241,242,243,244,245,246,247,248,249,250,251,252,253,254,255,256,257,258,259,260,261,262,263,264,265,266,267,268,269,270,271,272,273,274,275,276,277,278,279,280,281,282,283,284,285,286,287,288,289,290,291,292,293,294,295,296,297,298,299,300,301,302,303,304,305,306,307,308,309,310,311,312,313,314,315,316,317,318,319,320,321,322,323,324,325,326,327,328,329,330,331,332,333,334,335,336,337,338,339,340,341,342,343,344,345,346,347,348,349,350,351,352,353,354,355,356,357,358,359,360,361,362,363,364,365,366,367,368,369,370,371,372,373,374,375,376,377,378,379,380,381,382,383,384,385,386,387,388,389,390,391,392,393,394,395,396,397,398,399,400,401,402,403,404,405,406,407,408,409,410,411,412,413,414,415,416,417,418,419,420,421,422,423,424,425,426,427,428,429,430,431,432,433,434,435,436,437,438,439,440,441,442,443,444,445,446,447,448,449,450,451,452,453,454,455,456,457,458,459,460,461,462,463,464,465,466,467,468,469,470,471,472,473,474,475,476,477,478,479,480,481,482,483,484,485,486,487,488,489,490,491,492,493,494,495,496,497,498,499,500,501,502,503,504,505,506,507,508,509,510,511,512,513,514,515,516,517,518,519,520,521,522,523,524,525,526,527,528,529,530,531,532,533,534,535,536,537,538,539,540,541,542,543,544,545,546,547,548,549,550,551,552,553,554,555,556,557,558,559,560,561,562,563,564,565,566,567,568,569,570,571,572,573,574,575,576,577,578,579,580,581,582,583,584,585,586,587,588,589,590,591,592,593,594,595,596,597,598,599,600,601,602,603,604,605,606,607,608,609,610,611,612,613,614,615,616,617,618,619,620,621,622,623,624,625,626,627,628,629,630,631,632,633,634,635,636,637,638,639,640,641,642,643,644,645
1975,940.66,1991.05,1461.57,744.54,4977.18,1458.05,2399.26,420.06,1325.42,2160.04,1339.91,490.58,1443.65,2273.5,1563.67,3149.1,2471.7,3429.94,1722.33,1675.65,1938.89,1210.64,1763.8,1252.44,1398.02,2301.45,362.22,1245.08,1344.97,2258.64,1822.88,1718.82,2009.28,3637.13,1461.57,48,80.17,773.4,565.22,111.47,668.98,657.95,528.39,1608.8,1368.12,2704.3,1385.58,512.66,554.64,1521.93,3364.42,1169.7,1195.13,3607.55,1443.14,1262.46,826.25,1877.92,2741.5,5597.45,1346.81,1523,1136.45,1617.36,925.52,1970.82,1472.96,904.41,4591.48,1569.52,1972.24,3283.94,440.5,1076.9,1338.08,383.86,733.81,1666.24,2107.82,5097.6,4603.1,1274,1093.3,659.94,1386.75,1642.15,1102.46,691.72,1509.18,2695.92,905.12,1234.05,459.28,3489.5,2137.06,3709.24,1393.7,1164.97,1870,1424.7,3903,1566.4,1283.4,1439.5,2345.4,3329.5,1748.1,2867.76,2518.05,1194.15,6509.2,1623.25,2032,658.7,224.04,1514.05,1702.2,4759.35,5275.58,350.9,2033.02,1936.55,1397,1475,3618,939.3,3326.29,2080.5,3757,2644.66,360.7,2248.7,4308.15,1101,5631,5585.65,2871.6,5208.5,2514,543.9,1494.15,5221.5,1466,1198,1109.31,963.45,5929.07,5076.36,3628.35,3320.5,6063,5717,1550.61,1041,2086,158.4,122.2,165,181,240,622.5,2580,5130,1737.4,1408.6,9630,1359.8,263,235,241,149.5,240.5,274,176.6,385.4,105,3380,3000,3216.5,2434,107.8,188.8,605.95,115.8,176.8,155.2,281.7,304.45,783,938,1024.5,5299,4631.45,1530,4790,4590,1495,392,900,1030,5050,1708,236,135,2271,1329,2362,1491.5,2592.5,517.5,792,2658,1561,4478,813,561,5778.5,8219,5718.5,1452,7066.2,1606.5,7933,3104.8,4911.6,4072.6,3115.5,4698.5,6321,4729.05,4599,4062,4540,5703,3992,1674,3250,5314,2484.2,4797.5,711,2512,4475,2034,5784,671.5,3285,1900.5,3065.5,3275.5,2772.5,3350,3618,2953.5,3237.5,2663.5,3488,2669.5,3780,4069.5,3736.5,3360,2997,3140,2722,3221.5,3532,2883,3005,2684,3481.5,2973,4201.5,3909.5,3574.5,3164,2656,3200,3144.5,3186.5,3356.5,2293,3195.5,2714.5,3709.5,2442.5,3339.5,3547.5,3777.5,4105,3392.5,3668.5,2466,4161.5,4674,4290,4316.5,3193,4745.5,3266,4360.5,3994.5,4272,2927.5,2596,2035.5,2180.5,2203.5,2292.5,1516.5,2411.5,1334,2643,2339.5,2688.5,2816.5,2797.5,2607.5,2603.5,2148.5,1877.5,2738,2113.5,2868,2663.5,3115,2948,3537.5,2772,2866,2160.5,115.28,142.2,194.12,101.1,136.62,190.7,1120,6786,760,1000,1071,2900,2970,3600,295,590.8,765.6,861,255,30,1400,2488,5803,3030.5,1024,447,1488,1516,1041,917,1430,1305,1350,1620,1555,1930,2010,1125,4930,4900,4330,4136,2140,1341,4110,3650,1000,1005,4859.1,3744.5,6076.5,7320,4180,3091.01,2145.6,5148.44,4003.91,4557.98,1045.24,1030.68,4914.8,3900,3200,3600,920,5000,1040,7500,4400,4500,4350,4000,5500,4385.7,3838.2,4385.7,3838.2,2283.7,9550,1298,649,3530,4210,1026,4870,2464.5,1436,3990,3250,9400,7935,4550,2620,1732.2,5660,4040,1622.43,8506.01,5394.21,3443.4,1795,1766,2481,2758,9783,3907,6660.4,4924.8,5624.2,4903.5,9003,10343,8464,5149,5701,9151.5,9837,5972.5,6789.9,4736,4654.5,8148,8942.4,7618.5,6938.2,6981.6,5706,7744.2,6243.5,6182,5916.5,6325,6096.5,5534.7,8320,1916,9250,8520,3400,2300,4900,4948,4488,5485,4225,3791,6881,4821,2804,2580,998.42,2018.6,1275.67,1578.47,1819.5,888.37,2298.95,858.91,4621.14,170.8,853.42,2151.06,899.43,1337.12,2034.87,2099.86,6424.37,896,3247.35,4096.86,3302.15,1957.63,3532.2,4563.65,4045.02,8473,4255,4740,3325,5488,1586,2090,8050,1600,3525.2,1751,5393,6980,3678,3311,5089,5040,1624,2158,7324,8564,5823,9840,4183,1674,1853,5379,460,3045,4157,7455,3997,3947,4897,2580,4083,1803,1686,2733,1169,4477,3819,5305,3958,1028,7196,4151,3498,1813,2779,2760,7660,5065,5744,3602,3084,1418,6548,6520,5400,4562,4093,4434,6728,5133,5565,1478,2707,2561,7147,9683,8771,3515,5264,5461,4190,8525,6114,7878,7535,6255,2175,4286,3985,2561,2300,2938,2422,1478,1449,5286,4730,2707,1689,2054,2070,2561,6437,5986,6096,8944,6004,5880,1613,1929,4563,2747,1874,2515,3642,595,3523,3011,3642,4947,3056,1622,797,1570,5510,5567,3808,3536,3453,4443,4851,6664,4362,1900,6700,4300,7480,7040,6120,5980,4950,5700,6480,6030
1976,1084.86,2306.4,1692.5,1105.16,5248,1931.53,2910.52,423.66,1801.76,2553.48,1569.73,555.83,1630.42,2352.84,1757.13,3393.8,2597.5,3875.12,1908.19,1870.84,2583.13,1434.19,2005.18,1536.45,1636.42,2656.07,434.16,1474.43,1417.14,2471.73,1620.78,1962.42,2207.48,4086.84,1692.5,96.04,111.61,939.6,723.86,122.37,646.49,757.65,558.72,2264.5,1526.97,3044.7,1609.68,556.82,648.63,1393.16,3886.82,1336.09,1180.02,4110.5,1794.69,1741.26,1200.55,2051.82,2695.8,5438.05,1550.15,2061.06,1444.39,1621.82,1076.18,2242.64,1770.67,1482.33,4939.08,1731.24,2180.48,3633.13,469.46,1443,1457.19,466.67,793.42,1860.86,2155.58,5350.8,4838.1,1393.65,1194.28,736.05,1855.17,1956.61,1415.76,839.86,1756.96,2769.21,1042.42,1354.6,656.33,3735.4,2190.5,3947.02,1618.91,1277.87,1307.2,1546.5,3834,1343.5,1462.2,1928.6,3247.5,3267.05,2717,2851.68,3164.4,1422.65,6896.4,2140.55,2085.05,780.2,237.04,1821.61,2085.8,4500.9,5832.8,492.8,2050.2,2193.45,1561.8,1825,3359.2,1189.1,3466.12,1890,4210,2733.3,436.22,2991.1,3997.2,1198.5,5690,5391.9,3145.8,5420.5,2167,439.05,1706.03,5299,1764,1427.5,1228.26,1234.95,6332.38,5327.82,4149.95,5051,7355,6374,1488.54,898,2404,157.8,120,190,189,315,841,2500,6090,1934.4,1595.2,9640,1494.4,287,245.5,240,154.5,275.3,312.8,200.4,420,135.5,3160,3820,3379,3372,84.5,136.7,665.9,178.4,287.6,150.5,270.8,282.3,773,767.2,890.5,8319.6,2885.05,1850,4860,4595,1595,528,910,960,6440,1319,166,225,1923,1471,1898,1703,2502.5,688.5,982.5,3435,1903.5,4663,799.5,711,7290,6836.5,5509.5,1612.5,6985.8,2520,6907,2598.8,4761.5,4043.8,2856.3,5095,5940,5130.95,5596,4555,5321,6469,4062,1900,3872,5592,2527.7,4911.5,696,2271,4960,3390,5715,810,3189,1680.5,3219.5,3443,2932,3510,3723.5,3164,3294.5,2779.5,3635.5,2791.5,3816,4243.5,3811,3464,3107,3351,2883.5,3380.5,3722,3043.5,3111.5,2834,3596.5,3109,4198,4096,3690,3269,2740.5,3305,3282,3313.5,3527.5,2406.5,3363,2857.5,3871.5,2589.5,3423.5,3754,3889.5,4031,3628.5,4174,2659.5,4463.5,4949.5,4890.5,4310,3333.5,4817.5,3878,4335.5,4394,4351,3182.5,2817.5,2166,2294,2407.5,2387.5,1696,2567.5,1551,2924.5,2366,2817,2928,2991.5,2617.5,2584.5,2283.5,2012,2955.5,2275,2945,2846,3305.5,3137.5,3420,2944,3017.5,2285.5,128.83,162.3,218.46,117.9,134.1,201.8,670,6489,925,1500,1309,2875,2945,2445,520,613.2,792.4,864,285,140,1770,2533,5720,3154,1219,663,2289,1412.5,849,651.5,1540,1410,1450,1735,1670,2350,2400,1220,5540,5470,5340,4490,2465,1377,3892.5,4225,1583.33,900,4783.91,3833.64,5795.16,7035.68,4505.7,3070.16,2022.4,5024.66,4081.71,4257.69,1056.1,1039.94,5071.4,3800,5400,5300,1340,3900,940,8100,4400,7300,7000,8100,7100,4486.6,3921.6,4486.6,3921.6,2363.4,9940,1332,655,3440,4220,1016,4940,2560.1,1496,4360,3235,9450,8700,4935,2980,1714.4,5540,4060,1810.29,8224.48,5667.34,3628.45,1920,1762,2740,2881,9819,4292,6739.7,4955.1,5750.3,5113,9037,10356,8568,4971.2,5622,8922,8731,5580,6950.7,4802,4748,7859.5,8681.7,7477,6731.2,6671.4,5437.2,8009.1,6242,6191.5,5975.5,6268,5951.5,5331.3,8243,1955,9050,8480,3500,2370,5050,5694,5192,5520,4275,3766,6989,4840,3066,2836,1180.23,2232.2,1512.79,1723.97,1867.71,1086.09,2343.85,874.34,4922.09,275.35,1070.86,2332.26,1041.88,1440.22,2177.29,2262.9,7103.89,1452.4,3826.2,4558.41,3908.11,2166.3,3831.6,4699.7,4165.42,8787.5,4900,4830,3313,5317,1805,2181,8020,1490,3711.2,1681,5554,7440,3977,3274,5865,5938,1712,2223,7061,8319,6181,8235,4292,2446,1877,5431,713,3612,4746,7507,4408,3963,4952,3332,4011,2020,1863,2707,1563,4390,3657,5489,7180,1965,7488,4443,3752,1912,3094,2912,7640,5328,6463,3562,3044,1409,5787,6196,5325,4721,4231,4547,7241,4798,5943,1717,3109,2958,8001,9606,7427,3603,5537,6429,4316,8213,6842,7670,6284,5770,2553,4956,4578,2959,2720,3286,2981,1717,1668,5805,5423,3064,1995,2481,2301,2958,6169,5243,6180,8662,5678,5969,1905,2129,4061,2989,2837,2656,3661,622,3537,2979,3661,4988,3054,1655,816,2270,3180,5677,4160,4132,4034,4687,6733,7719,5275,5500,1900,1300,7080,5960,6440,4970,6610,4420,5470,5070
1977,1244.98,2604,2193.82,1417.4,5370,2315.78,3126.62,476.43,1996.05,2901.18,1751.86,680,1813.32,2629.14,1990.16,3756.3,2929.34,4419.46,2095.02,2090.81,2775.33,1641.39,2479.18,1943.58,1894.48,3028.4,495.96,1723.11,1554.67,2685.13,2114.17,2178.76,2091.58,4785.57,2193.82,288.4,118.57,1227.45,847.08,139.4,830.66,828.75,622.44,2393.6,1788.72,3180.3,1921.08,630.74,763.32,1542.06,4183.46,1502.63,1358.82,4364.1,2044.6,2206.08,1232.7,2239.26,2869.8,5669.1,1751.12,2527.62,1793.85,1625.72,1243.46,2576.86,2223.8,1921.26,4898.89,1799.05,2464.66,3845.33,524.92,1941.58,1601.07,579.05,859.86,2029.65,2263.79,5960,4748,1580.44,1394.76,818.9,1969.13,2295.86,1760.96,1083.36,2011.22,3048.48,1110.92,1459.52,701.29,3969.1,2130.24,4907.5,2077.06,1437.7,2556.1,1615.7,4133,1447,1492.6,2336.6,3803.8,3235.7,4428.6,3076.8,3288.5,1633.1,7032,2451.15,2068.75,827.6,269.1,2423.21,2513.8,5850.85,5815.04,772.25,2077.3,2295.9,1847.7,2073,4272.8,1522,3606.6,2084,4219.5,2825.46,543.5,3069.9,4260,1322.5,6243,5482.75,3352.2,5365,2231,370.95,1984.73,5066,1986,1748,1235.82,1841,6043.28,5097.22,3880.95,4876.5,7234,5837.5,1200.03,854,2324,176.6,135.4,210,206,360,923.5,2480,5880,1716,1409.6,8610,1378.4,315,299.5,274,161,306.6,356.4,213.8,475,161.5,3310,4720,3351,3288,215.8,83.1,804.25,228.7,178,251.95,428.7,252.25,763.5,811.2,740,6295.5,2136.5,1950,4460,3715,1570,1692,1230,950,6130,2046,222,345,1491,1573,1726,1646.5,2480,844.5,1023,3429,1704,4249,1098,705,7954.5,7349,4593,696,6735.3,2245.2,6449,2644.4,5303.2,4274.6,3125.1,5160.5,5907,4314.8,5082,4278,4373,5984,3198,1813,3844,5063,2058.3,4079,420,2044,5160,3753,5381,997,3596,1445,3297,3656.5,3100,3665.5,3884,3445,3386,3012.5,3755.5,2936,3903,4390.5,3945,3630,3241,3555,3100.5,3547,3896.5,3256,3230.5,3091,3722.5,3201,4338,4319,3921,3452,2837,3441,3371,3431,3675,2542.5,3533,3012,3902,2707,3514.5,3868,4054,4014,3586,4680.5,2774.5,4732.5,5084,5644.5,4359.5,3657,4707,3719.5,4516,4622,4341,3520.5,2985.5,2386,2473.5,2697,2552.5,2084.5,2803,1638,3215.5,2699.5,2982,3114,3024.5,2809,2377,2560.5,2289.5,3122,2625.5,3232.5,3132.5,3463.5,3105.5,3556,3159,3315,2532.5,107.14,143.4,179.96,105.9,152.58,216.6,590,6555,1000,1500,1428,2870,2935,2275,550,658.6,835.4,867,405,125,1770,2563,5938,3216,1299,666,2562,1338.5,1435.5,552.5,1480,1330,1375,1710,1620,2150,2210,1155,6590,6630,5620,5665,2555,1611,3820,2940,2500,1395,4984.64,3716.93,5401.32,6923.88,4538.27,3005.78,2176.2,4789.2,4277.56,4053.59,1061.64,1049.95,4999.3,5900,4700,5100,1220,3600,1050,12200,5400,6300,6100,5700,9000,4375.4,3789.7,4375.4,3789.7,2345.6,9300,1187,618,3120,3850,964,4880,2664.8,1517,4300,2944,8740,9020,5845,3240,1881.1,5610,3870,1827.37,8381.79,5803.9,3766.33,1854,1868,3121,2838,9863,4751,6876,4961.3,5970.4,5395.5,8979,10347,8588,5015.4,5663.5,9094.8,9038,5754.5,6911.4,4842.5,4796.5,7775.5,8806.8,7528.5,6887.6,6809.7,5524.5,8077.5,6386,6198.5,6126.5,6588,6136.5,5356.2,8391,1954,9050,8420,3500,2330,4950,6182,5634,5555,4324,3741,7031,4855,3320,3082,1324.57,2504.4,1697.12,1960.3,2075.42,1338.31,2590.64,970.2,4922.17,382.2,1258.72,2457.82,1167.86,1508.16,2266.78,2373,7318.96,2019.2,4273.1,4783.48,5370.1,2398.53,4993.95,4960.52,4418.02,8819,4930,4560,3606,5338,2153,2552,8010,1530,4035,1704,5891,8400,4038,3393,5797,5965,1942,2147,7492,8294,6512,7116,4364,3088,1898,5266,952,4111,5087,7473,4753,3940,4952,4103,4785,2265,2065,3635,1999,4178,3032,5382,7302,2089,7320,4610,3919,1861,3444,3236,4760,5730,7226,3700,3084,1541,5215,4144,5590,5410,4927,4375,7155,4419,6350,1907,3484,3257,9052,9820,6558,4758,5769,7065,4163,8351,7751,7846,5607,5155,2866,5441,5224,3279,3047,3737,3304,1907,1831,6395,6122,3484,2286,2667,2678,1257,5586,5183,5361,8143,5131,6025,2172,2178,3396,3155,4034,2761,3778,785,3621,3145,3778,5392,3347,2040,1034,2246,3200,5249,4861,3669,3853,4751,5411,6750,5175,2500,2200,7300,6200,4600,7480,5020,6860,5900,2790,5970
1978,1445.02,2992.3,2459.68,1838.04,6184.89,2573.11,3475.14,576.81,2865.77,3205.21,1965.37,864,2107.61,3052.24,2330.83,4058.4,2834.4,4883.26,2442.79,2422.31,3132.66,1899.72,2994.02,2342.37,2078.1,3711.2,554.16,2042.25,1740.1,3062.63,1857.05,2488.12,2349.82,5166.65,2459.68,351.04,139.16,1496.3,968.88,176.13,1110.91,942.05,765.06,2781.7,2048.49,3384.3,2308.08,725.78,928.35,2078.31,4646.48,1621.38,1824.94,5732.9,2455.44,2772.26,1303.3,2503.46,3221.8,6137.25,1903.71,3041.5,2252.66,1632.36,1453.23,2821.86,2412.04,2667.57,4933.19,1981.95,2856.1,4153.08,575.65,2187.94,1778.72,731,1082.77,2293.84,2223.1,6410.2,4445,1752.89,1644.26,923.36,2202.72,2593.29,2196.6,1326.82,2286.88,3539.23,1209.88,1716.36,733.62,4131.35,2223.98,5425.42,2256.05,1216.39,2647,1868.7,5134,1465.1,1740.6,2956.7,4710.6,4191.1,5533.8,3241.84,3256.45,1858.4,6502,2964.45,1978.9,874.9,358.82,3057.39,3034.4,6881.2,5981.24,1049.35,2116.78,2749.15,2154.55,2301,5838,1954.8,3955,3091,4554.5,2947.14,622.74,2991.3,3913.95,1644.5,6734.5,5909.5,3643.8,5526.5,2954,728.4,2358.75,5229,2238,2028.5,1350.42,2775.5,6127.9,5166.54,3945.3,3474.5,10281,7318.4,1451.49,609.5,1346,204.8,160.6,240,221,390,1186.5,2200,5220,1894.6,1563.4,8130,1411.8,357.5,334,254.5,167,345.6,407.8,235.8,494,228.5,2570,3500,3955.5,2744,555,337,814.1,347.3,286.8,633.3,1090.6,265.05,755,929.2,647.5,2444.3,5478.8,2540,4860,4140,1670,2276,2000,1310,5610,2148,174,375,1083,1821,1530,1974.5,2769,1083,1282.5,3269,1994.5,4252,1800,873,4955,6645,4808.5,738,6561.9,2106.3,5850,2620.6,5696.4,4638.4,4051.8,4485.5,6090,4980.7,3630,4458,5365,6741.5,4008.5,1849,4388,5410,2699.8,5751.5,297,1875,6485,4317,5655,1117.5,4969,1765,3523.5,3835.5,3339,3865,4075,3697,3619,3242.5,3932,3056.5,4058,4529,4232,3818.5,3455.5,3746,3332.5,3736,4015,3504,3452,3371.5,3871,3294,4444,4440,4130,3606,3042.5,3543.5,3566.5,3547.5,3858.5,2715.5,3624,3172.5,3933.5,2854.5,3614.5,3989.5,4229.5,3960.5,3756.5,4697,3049.5,5133,5075.5,6076.5,4731,4082.5,4904,4226.5,4636.5,4770,4624.5,3826.5,2927.5,2515.5,2735,2987,2822.5,2571,2926.5,1747,3604.5,2923,3390.5,3352,3384.5,3400.5,2909,2805.5,2625.5,3275,3472,3534,3890.5,3845,3554,3802,3364,3694,2688,217.77,257.1,374.5,196.5,187.62,235.3,710,7155,1035,1750,1400,3070,3150,3690,610,714.2,898.6,897,660,120,2535,2758,6225,3500.5,1512,819,2808,1380,1473,1094.5,1430,1310,1345,1620,1550,1900,1980,1160,6570,6690,5780,4386,2225,1686,4810,3305,2916.67,3135,4422.66,3793.97,5414.94,6372.18,4638.42,2945.97,2161.86,4194.62,4520.41,4613.23,1067.64,1046.21,5175.8,5300,2500,4000,820,3800,1480,11500,7300,3900,3600,3100,4400,4519.7,3917,4519.7,3917,2392.9,9010,1256,640,3420,4000,1016,4940,2761.9,1565,4600,3191,8600,8880,6445,3180,1954.6,5730,4130,1743.69,8457.96,5667.34,3922.35,2155,1847,3321,2904,9969,5135,6997.1,4987.4,6193,5885.5,9413,10726,8937,5026.2,5849.5,9177.6,9150,5972.5,6956.1,4996,4837.5,8162.5,8937.6,7799.5,7016.6,7144.5,5786.7,8187,6500,6292.5,6147.5,6774.5,6344,5604,8077,2034,8600,8580,3400,2520,5000,6602,6009,5581,4365,3716,7055,4886,3636,3392,1473.12,3103.4,1889.08,2039.55,2190.27,1478.95,2698.3,1258.8,4918.49,485.4,1428.24,2533.53,1272.52,1560.1,2307.84,2425.82,7286.59,2595.8,4625.9,4887.76,6378.08,2258.17,5777.3,5059.08,4453.45,9621.5,4940,5000,3631,5245,2454,2501.5,8030,1840,4349.8,1698,5938,7810,4359,3463,5143,5242,1832,1840,7295,7515,6498,6141,4406,3541,1916,5150,1177,4559,5366,7424,5062,3925,4908,4895,5720,2609,2356,4768,2530,3844,2580,5234,6225,1927,7530,4672,4297,1956,3522,3533,5360,5568,7731,3735,3101,1569,4997,3652,4850,5704,5216,4380,6933,3984,6226,2065,3895,3627,9066,9799,6236,5212,5889,7440,4218,8251,7798,7815,5367,5265,3062,5713,5294,3625,3209,3035,2893,2065,2003,7083,6772,3895,2443,3082,2782,3627,5420,4261,4635,7792,4862,5861,2453,2233,3164,3386,4967,4126,3863,999,3663,3209,3863,5548,3545,2213,1013,2072,3480,5271,4587,3406,3860,4557,4542,6638,5301,3100,3700,2800,6640,7160,5080,3820,6460,6810,7570,7870
1979,1683.17,3722.08,3246.8,2337.62,7137.19,2916.61,3750.96,743.19,3543.31,4059.58,2246.05,1180.5,2286.28,3439.48,2720.18,4600.58,3088.2,5411.2,2720.92,2785.49,4526.67,2211.32,3700.02,2588.64,2459.78,4381.21,655.71,2333.25,1886.05,3401.3,2297.84,2682.14,3448.44,6473.86,3246.8,421.44,209.91,1855.3,1124.2,229.52,1612.53,1025.9,989.31,2720.7,2429.43,3242.35,2948.7,914.18,1156.8,2858.9,5989.52,1785.17,2678.75,2827,2851.73,3439.94,1416.2,2843.2,3698.7,7866,2192.33,3541.66,2761.13,1643.62,1729.3,3429.98,2766.68,3368.94,5165.89,2309.06,3040.49,4949,621.98,2535.48,2004.8,950,1218.32,2705.6,3283.49,7317.8,4865.19,1930.12,2016.95,1087.64,3212.31,3003.81,2765.32,1555.92,2712.8,4103.69,1552.14,1933.58,978.87,4333.4,2626.92,5866.84,2638.11,1459.31,2575,2041.5,5858,1768.8,2159.2,3159.9,6034.3,3456.1,7271.95,3239.28,5790.5,2004.25,5602,3619.1,2472.25,695.9,486.92,4393.68,3588.5,8114.6,5905,1378.45,2155.18,2734,2913.3,2175,4062,2362.6,4600,3920,5629,3078.22,723.82,3002.3,4767.3,1934,6332,6248.85,4255,5493,2221,1137.6,2816.85,4124.5,2374,2435,1528.77,3402.15,6262.29,5261.9,4511.55,3483.5,2841,4613,2576.19,745.5,1868,264,211.8,325,261,405,1370.5,3490,6030,2078.4,1727,9000,1608.8,382.5,362.5,295,179.5,381.8,445.4,264.2,539.6,230,4930,7120,3551.5,3372,574.1,975,1005.05,649.5,1002.2,882.65,1562.6,313.8,763.5,911.6,709,6774.4,2805.6,2670,5470,5190,1805,1244,3110,1960,6640,1784,366,420,2796,2050,2508,2236.5,2822,1095,1519.5,3701,2379,4694,1788,990,7538,5474,4919,163.5,6008.7,2003.4,4985,2375.8,6205.4,4761,4245.6,4466,6996,5918.45,3014,2737,4889,4650.5,4465.5,1751,2420,5660,2177.9,4893,168,1313,4479,3252,6180,1300,5613,1364.5,3593.5,3986.5,3486,3985,4090.5,3562.5,3805.5,3216,4088,3215,4188,4582.5,4159.5,3794.5,3579.5,3858,3525.5,3782,4041,3527.5,3580.5,3369,4014.5,3421,4598.5,4422,4070,3583.5,3218.5,3745.5,3767,3589,4011.5,3043.5,3715.5,3274,4020,2969.5,3719,4075,4308.5,4029,3649.5,4883.5,3252,5199,4587,4523,4824,3742.5,4708,4442,4496,4552,4512,3537,2843.5,2785,2680.5,3251,3168,2574.5,3129,2143,3698,2943,3570.5,3375,3632.5,3789,3655,2999,2916.5,3336,2906.5,3611.5,4131,3812.5,3721.5,4180.5,3331,3732.5,2622,212.53,235.8,363.7,174,218.96,261.6,3285,5007,1280,1750,1652,3165,3200,4305,775,780.4,972.4,939,975,210,3470,2970,6401,3749.5,1926,1081.5,3496,1467,1053,472.5,1540,1430,1455,1705,1630,1970,2000,1285,6130,6170,5910,5167,1980,1650,5780,6605,3083.33,3285,4627.33,3458.79,5947.56,6224.26,4347.67,2714.61,2402.56,4333.78,5565.1,4656.19,1076.17,1052.31,5323.5,3300,2400,3200,850,6100,1400,10100,7200,3600,3350,3000,4800,4781.9,4143,4781.9,4143,2503.7,9290,1238,707,3680,4060,1210,5050,2867.7,1622,5220,3446,9030,10115,7890,3540,2263.1,5730,4320,1707.82,8554.98,5803.9,4023.95,2053,1916,3430,2857,10291,5214,7131.7,5008,6812.4,6260,9970,10446,9138,5134.6,6470.5,9402.6,9099.5,6391.5,7272.3,4849,4368,8312.5,9112.8,8403.5,7114,7700.4,5851.5,8813.1,6426.5,6535,5917,6747,6515.5,5671.8,7554,1972,7950,8080,3600,2610,5100,6999,6370,5592,4392,3692,7070,4930,4008,3760,1740.3,3666.3,2232.09,2394.88,2531.55,1849.81,3091.75,1465.33,5242.95,672.35,1774.62,2867.22,1531.29,1767.84,2558.51,2748.14,7687.31,3460.4,5266.45,5305,8802.24,2435.53,8163.9,5328.6,4688.98,10097,5230,5990,3812,5440,2967,2664.5,8490,2240,4655.4,1680,6252,7950,4498,3671,5204,5005,1736,2031,7164,6758,5938,5471,4422,3889,1926,5031,1460,5166,5711,7379,5399,3935,4871,5786,6784,2842,2521,6064,3214,4340,2763,5613,5804,2023,7712,5433,4879,2366,3412,3400,7160,5418,8045,3934,3224,1693,4767,3674,5000,6101,5569,5721,6967,3698,6031,2106,3916,4350,8979,9863,6037,5743,6148,7722,5542,8124,7656,7817,5212,6335,3420,6286,6118,4011,3370,3037,2919,2106,2062,6857,6871,3916,3120,3700,3577,4350,5155,3916,4131,7515,4591,5849,2926,2448,3536,3903,6527,4508,3701,1103,3481,3028,3701,5238,3401,2176,1162,2024,2650,5279,4541,4187,3671,4362,4652,6666,5293,7900,3400,2800,7400,7600,7960,4510,5390,4960,7140,5490
1980,2038.15,5226.62,4748.86,3094.88,6743,3018.94,3752.72,881.73,4826.29,4742.69,2495.9,1549.5,2621.3,3705.92,3039.77,4886,3453.25,5852.84,3324.04,2857.19,6161.95,2267.91,4145.38,2329.38,2841.52,5215,761.55,2752,2291.72,3798.52,2802.01,2645.94,3634.06,8118.37,4748.86,413.36,346.39,2274.65,1237.3,286.32,2296.63,1232.7,1288.8,2686,2826.09,3312.05,3969.6,1105.7,1375.89,3754.5,8095.8,1932.78,3445.5,3187.15,3636.5,3307.2,1619.75,3059.34,4120.29,7638,4841.33,3333.28,2524.01,1653.32,2062.83,4033.5,3320.96,4205.67,5206.79,2679.19,3339.52,5657.66,783.71,3410.02,2435.8,1168.5,1478,3135.15,4356.58,7639.8,5453.5,2088.87,2341.53,1423.28,4392.33,3183.75,2985.72,1385.54,3339.92,5008,1658.58,2212.33,1303.64,4409.6,2597.06,6211.48,3048.69,2052,3064.3,2303.3,6370,1660.3,5001.8,3010.2,6190.5,3779.15,6490.95,4195.28,6710,2516.85,6701.2,3764.25,2819.6,881.4,597.62,4226.48,3947.2,7898.1,5427.64,1446.2,2243.52,3259.7,3318.55,2609,3151.2,2151.2,4701,3700,5496.5,2659.36,896.52,3506.8,4773.45,2160,6845.5,6179.75,5358.4,5434,750,1519.05,3264.75,5278,2418,1993,1411.2,2895.55,6416.96,5376.81,4691.15,3634,2924,4611.4,2434.2,783,2078,312.4,251.2,350,306,420,1508,4520,6510,2116.4,1758,9060,1610.6,437.5,443,303,204.5,424,497.4,288,598.8,253,3635,5660,3724.5,3130,380.55,637.6,1210.95,851.1,1405.2,842.4,1498.4,444.25,1251.5,1096,928,5358.7,1133.6,2930,5190,4720,2045,1626,4120,2160,6120,2108,384,885,2154,2239,2630,2396.5,2776,1413,1624.5,3940,2602,4539,1927.5,930,7477.5,5747.5,4893,706.5,5928.6,2271.6,5294,2633,6245.1,5094.2,4410,5013.5,6768,4974.25,5353,4819,5128,6477.5,4056,2165,3756,6402,3235.3,7584,111,1276,5683,4722,6042,1404,6518,1421,3675,3972,3576.5,3974,4033,3778,3710,3310.5,4084,3349,4295,4275,4128,3764,3703,3983.5,3691.5,3890,4167.5,3720.5,3598.5,3521.5,4147,3596,4729,4302,4053.5,3659.5,3486.5,3894.5,4011,3743.5,4166,3406.5,3807,3529.5,4185,3160,3888,4105.5,4549,4078.5,3657,4641.5,3441,4863.5,4345,4532.5,4481,3707,4502.5,4971.5,4635,3949.5,4422.5,3119,3127.5,2718,2499,3196.5,2964.5,2848,3174,2123,3582,3034,3239,3159.5,3529.5,3765,3069.5,2859.5,2821,3340.5,3089.5,3155.5,3716,3657.5,3980.5,4035.5,2819.5,3484.5,2307,173.28,188.1,294.4,129.6,241.08,278.8,7965,1890,1500,1750,1904,3415,3450,3080,885,849.2,1045.2,993,915,965,3510,3298,6487,4029,2379,1231.5,3053,1833,2241,1001.5,1595,1480,1520,1760,1680,2200,2190,1340,5800,5880,5390,6938,1860,1725,7500,9480,4062.5,3735,4180.56,3615.88,6760.77,5974.32,4507.04,2802.95,2427.16,3896.2,5732.72,5347.15,1092.87,1070.56,5374.9,3000,2500,2900,760,4800,1400,9100,7100,3400,3600,2600,5600,4879.3,4218.5,4879.3,4218.5,2555.3,8980,1163,730,3710,3940,1351,5100,2995.8,1683,5400,3496,9010,11825,9575,3920,2481.8,5710,4190,1781.26,8587.62,6008.75,4183.6,2038,1933,3842,3014,10497,5827,7405.2,5145.6,7635.9,6651,10134,10724,9188,4972.4,6563,9292.8,10258,6295.5,7308.9,4664.5,3902.5,8377.5,9027.9,8480.5,7065.2,7666.2,5720.4,8462.4,6265.5,6686,5626.5,6745,6500,5658.9,7160,1822,7500,7280,3900,2540,5200,7386,6740,5578,4395,3667,7101,5009,4314,4064,1983.78,3447.9,2554.63,2528.25,2825.41,2204.21,3432.63,1647.9,5514.38,861.95,2164.88,3186.52,1795.56,1970.88,2802.73,3021.54,8174.01,4689.2,6009.6,5813.8,10600.01,2852.67,9279.15,5557.85,4905.15,10264.5,5275,6390,3954,5835,3051,2941.5,8520,2460,4949.8,1672,6540,8280,4717,3887,5989,5696,2282,3605,6940,6847,6315,4778,4440,4225,1940,5016,1791,5926,6094,7352,5742,3932,4832,6522,6630,3160,2774,5835,3860,5538,4663,7071,6535,2488,7907,5531,4731,2310,3667,3478,7160,5712,8352,4276,3274,2071,4626,3421,4585,6436,5894,5855,6814,3682,5772,2196,4108,4600,8988,9927,5856,6271,6264,8098,5648,7950,7597,7720,4968,6165,3577,6637,6438,4219,3496,3343,3162,2196,2123,7254,6917,4108,3323,3849,3790,4600,5051,4085,4144,7326,4545,5562,3282,2642,3887,4253,7709,4505,3674,1308,3413,2956,3674,5165,3027,2998,2088,2120,3020,5307,4509,4280,3756,3967,4772,6497,5821,6700,3400,1000,6040,7520,5920,5460,6850,5420,6810,7600
1981,2342.52,5989.46,5559.46,4280.04,7298,3107.36,4004.02,1345.29,6073.39,5063.38,2724,1789,2907,3461.24,3254,5224.69,3519.84,6475.2,3737.31,3318.5,6833.85,2250.75,3952.68,2808.72,3140.22,4978,859.14,3605.5,2387.7,4131.23,3647.49,2752.58,3063.02,9262.07,5559.46,449.52,387.45,2792.2,1275.96,395.3,2890.79,1649.6,1753.62,3010.8,3198.27,3595.05,4398.3,1321.34,1464.87,5035.56,8844.8,2108.35,4414.75,3570.1,4426.24,2287.44,1969.75,3197,4343.09,8056.7,5432.19,3924.92,2711.08,1677.74,2355.61,4583.32,3946.5,5425.62,5282.09,2740.13,3443.23,6293.11,820.92,8854.3,2326.8,1379,1737.4,3449,5629.3,8121.4,5633.89,2278.9,2615.78,1669.6,4888.69,3350.94,3016.18,1704.08,3678.94,5918,1779.02,2437.2,1777.69,4503.05,2912.02,6689.54,3625.17,2097,3411.6,2615,5602,1630.9,5326,3795.8,6018.2,4298.05,1152.85,4374.8,9365,2930.85,6845.2,4156,3016.45,1188.1,752.56,5031,4146.4,8595.55,5168.82,1752.5,2380.02,3661.2,3564,2886,1734.8,1950.3,3936,3425.5,5677,2866.6,1070.56,3798.6,4784.55,2311,7056,5948.7,6453.8,5171.5,1024,1030.5,3717.45,5650.5,2634,2458,1366.05,2151.3,5999.64,4953.8,4781,3474.5,2015,5623.6,2586.21,765,1634,364.8,295.8,370,345,480,1758,4950,7080,2132.8,1790.2,8420,1627,488.5,469.5,287,208.5,463.5,548.2,306.6,645.6,284,3215,5860,3836,3508,315.45,450.1,1221.15,830.5,1329.8,742.6,1283.5,732.75,1912,902,1246,5329.8,1171.45,3120,6110,5235,2390,1152,6850,4750,5160,1849,294,945,1416,2391,2534,2440.5,2802.5,1563,1780.5,4406,2640.5,4500,1972.5,999,8158.5,7263.5,5428,2773.5,5948.1,2196,7013,3525.8,5381.3,5328.6,4689.3,5142,6177,5994.15,5063,4321,5783,6610.5,4661.5,2519,3472,6330,2944.6,6658.5,114,1809,6202,3730.5,4966,1643.5,3148,1389,3828,4154,3797,4142.5,4231.5,4018.5,3951.5,3450,4293,3577.5,4340,4239,4242,3949.5,3806,4164.5,3932.5,4080,4311.5,3918,3786.5,3630.5,4367,3814.5,4926.5,4353.5,4071.5,3851,3698.5,4060.5,4089.5,3898.5,4231.5,3581.5,3895,3687.5,4356.5,3393,4024,4229,4605,4052.5,3850,4819,3600,5022.5,4489,4841.5,4464,3807.5,4404.5,5475,4721,3544.5,4496.5,3420.5,3392,3019,2764,3457.5,3209,3314.5,3513,2431.5,3935.5,3375.5,3378.5,3452,3850.5,3935.5,3433,3357.5,3064.5,3640,3279.5,3597.5,3925.5,4027.5,4470.5,4399,3187.5,3652.5,2746.5,166.61,190.2,284.36,134.7,234.52,292.7,2205,5256,1585,2000,1974,3830,3840,2610,965,925.8,1126.6,1047,1290,2720,2700,3061,6165,3946.5,2297,1213.5,2356,2467.5,2458.5,987.5,1715,1600,1655,1870,1775,2730,2720,1470,5800,5860,5360,7261,1915,1875,7000,6410,4333.33,4080,4001.25,3362.04,6241.86,5814.16,4376.61,3128.65,2379.72,3676.92,5215.05,5321.14,1104.63,1083.21,5491.9,2900,4900,5500,1260,5000,1280,8300,7000,6700,6450,7300,9000,5020.2,4355.6,5020.2,4355.6,2600.7,8660,1155,768,3940,4210,1575,5220,3064.9,1742,5240,3678,9100,11345,9145,4270,2240.3,5550,4400,1842.74,8877.32,6213.59,4306.97,2187,1920,4272,3152,10582,6282,7497.2,5175.7,7748.7,6795,10016,10956,9099,4810.2,6325,8893.5,9509.5,6122.5,6973.2,4711.5,4098.5,8157.5,8658,8234.5,6753.8,7490.7,5584.8,8361,6314.5,6488,5740,6946.5,6506,5584.8,6721,1916,6950,7680,3650,2850,5150,7736,7078,5547,4385,3635,7132,5152,4706,4458,2275.47,3943.5,2935.17,2718.63,3134.6,2615.44,3778.86,1904.03,6128.21,1209.3,2698.72,3487.47,2055.85,2165.08,3031.59,3315.36,8587.45,6317.2,6772.35,6278.82,7740.2,3356.53,10108.05,5598.67,4972.3,9622,5215,6830,4140,6296,3441,3066.5,8610,2980,5163.8,1749,6630,7830,4649,3918,7344,6659,2976,4154,6622,7694,7465,3938,4464,4581,1959,5156,2428,7094,6699,7298,6075,3928,4834,7028,6992,3547,3089,6071,4578,6331,3996,8425,7652,3284,7914,5623,4862,2417,3517,3347,4600,5862,8789,4500,3445,2180,4626,3811,4416,6614,6049,6503,6732,3601,5225,2263,4316,5072,8917,9809,5640,6589,6292,7993,6290,7663,7360,7500,4697,6720,3856,5494,4919,4531,3583,1983,1857,2263,2303,4162,3831,4316,3754,3868,3410,4672,4973,3878,4052,7107,4467,5281,3409,2906,4214,4410,7791,4083,3925,1424,3640,3192,3924,5644,3324,3585,2456,2522,3090,5354,4612,5197,3575,4483,4130,5867,5947,7300,7000,4900,6600,7000,6560,5650,5220,5320,7150,5620
1982,2602.45,5614.62,5292.42,5070.2,5260.29,2912.45,3737.38,1371,7335.71,6154.5,2650,2127,3436.4,3191.68,3300.5,4802.58,3697.7,5727.6,4129.66,4095.3,6788.55,2093.1,3382.62,2808.12,3137.84,4644,989.64,4046.5,2913.2,4582.09,3712.98,2571.18,2701.38,8864.66,5292.42,984.52,441.35,3346.3,1424.44,569.39,2670.83,1715.25,2346.72,2717.3,3341.76,3406.8,4320,1429.9,1647.9,4757.83,6872.4,2255.94,4320.5,4335.7,5070.59,2407.6,2151.75,3157.4,4091.5,5632,4908.57,3174.96,2422.94,1719.78,2566.91,4857.72,4326.54,7447.14,4611.29,2662.98,3471.99,6228.86,973.56,9401.96,2639.5,1735,2025.2,3556,7502.15,7108.4,5805.29,2030.8,2855.57,2256.5,4803.6,3225.91,2641.6,1737.16,4077.32,6220,1926.34,2521.9,1865.94,4357.6,3059.4,6896.62,3910.42,1752,5317.2,2123,5345,1325.7,4860,2503.8,5731.1,3641.75,979,4119.68,6825,3316.3,7518.8,3374.55,2731.85,1478.3,947.72,3610,3299.9,3443.05,5195.24,1871,2378.9,4521.35,3605.65,2098,2029.6,1830.6,3147,2950.5,4181,2980.4,1276.4,4193,5398.95,2596,6829,6033.7,2599.4,4637,1766,655.2,4201.35,5586.5,4290,2036,1569.54,2321.55,6424.27,5265.8,5271.85,4165.5,2079,6058.7,1898.55,816.5,1656,412.2,336,415,381,660,1708.5,3120,6450,1874.2,1559.6,7670,1476.8,531,500,319.5,232,500.5,586.6,332.2,686,323.5,3590,5560,4047,3246,466.15,516.3,1228.75,847,1289,785.25,1154.9,820.05,2126,1140.8,1405,2231.8,712,3390,5960,4640,2285,1888,4760,2770,6640,2429,802,2055,1056,2526,2322,2631.5,2611.5,1542,1927.5,4425,2711.5,4168,1936.5,1026,6809.5,7118.5,4971.5,3103.5,5366.7,2063.4,7573,3695.2,5289.4,5113.4,4588.2,4789.5,6732,3968.95,5992,3945,7387,5643,3127.5,2300,2638,5937,2559.5,5939.5,91.5,1767,5430,2926.5,4295,1339.5,2397,1329,3858,4342.5,3934.5,4276,4360,4156.5,4086,3614.5,4395.5,3705.5,4271,4339,4341.5,4128,3856.5,4391,4057,4192,4519.5,4097.5,3938,3780,4572.5,4079,4874.5,4484,4053,4007,3788.5,4192.5,4277,3991.5,4290.5,3815.5,4002.5,3838,4524,3560.5,4144,4247,4529,4082,3794.5,5064,3675,4931,4665.5,5218,4538.5,3912.5,4844,5674.5,4582,3594.5,4416.5,3911.5,3422.5,3146.5,3009,3712.5,3352,3373.5,3855.5,2687.5,4841,3498,3428,3784.5,4115.5,3991,3428.5,3565,3118,3820,3541,3658.5,4051,5195,4624.5,4233.5,3482.5,3709.5,3021,280.75,298.2,484.98,210.9,338.3,317.4,1230,5871,1525,1500,1554,4135,4100,2750,475,993.2,1203.8,1113,1860,5430,3270,3149,6186,3973.5,2518,1537.5,3222,2646.5,2346,887.5,1580,1450,1530,1755,1625,2380,2370,1275,4950,4920,4890,5479,2465,1926,6750,5190,4500,4755,3752.03,3509,7004.97,5422.4,4880.71,3259.07,2345.04,3483.02,4885.95,5661.84,1117.47,1096.83,5390.4,5500,3800,4400,1100,6000,1230,10100,10000,5100,5450,4400,7200,4899,4223.8,4899,4223.8,2592.4,7910,1042,753,3600,3910,1345,5250,3107.8,1807,5120,3357,8600,9680,6840,3430,1585.8,5670,4380,1864.82,9209.18,6350.15,4390.42,2193,1834,4502,3202,10635,6712,7617.2,5212.7,7901.8,7035.5,9640,9558,9201,4703,5878.5,8608.8,9218.5,6577.5,7454.7,4728,4238,8290,8491.2,7988,6625.8,7501.5,6184.5,8414.7,6319.5,6375.5,5793,6374,6557,5567.7,5784,1721,5900,6620,3950,2980,5250,7908,7245,5514,4371,3609,7137,5285,4900,4654,2554.3,4273.7,3298.86,2939.07,3384.89,2928.36,4041.51,2178.96,6423.33,1487.5,3082.38,3733.52,2254.34,2333.96,3215.51,3605.82,8875.73,7747.4,7298.5,6564.87,6687.94,3335.1,10849.1,5722.13,5107.4,9088.5,5325,7440,4622,6407,3816,3605.5,8990,3230,5443.2,1914,6810,7860,4659,3869,7331,7127,2904,3543,6435,7670,7697,3285,4495,4968,2070,5120,2828,7782,6910,7244,6273,3924,4887,7277,6875,3826,3316,5892,5097,6515,4524,8381,7617,3665,8003,5860,5074,2472,3116,3151,5180,5646,9091,4646,3439,2368,4539,3360,4275,6711,6144,6284,6478,3455,5249,2334,4537,5399,8874,9588,5534,6860,6252,7958,6074,7439,7160,7187,4567,6890,4084,5679,5271,4774,3740,2079,1889,2334,2473,4352,3915,4537,3999,3978,3732,5399,4896,3615,3840,6979,4361,5236,3483,3011,4053,4490,7815,4647,4112,1548,3802,3350,4112,5852,3473,3924,2583,2560,2840,5787,4614,4995,3956,4169,5450,6895,6260,9700,3700,7600,7040,6560,6640,4320,7420,5100,6880,5040
1983,2927.87,5527,5029.4,3675.18,4898.18,3450.89,4263.98,1551.63,5300.43,7146.27,2679.7,2355,4018,2831.08,3519.5,4872.4,4048.95,5958,4634.02,4296.5,7334.6,2441.31,4334,3267.06,3268.5,5208,1816.92,4885,3953.4,4856.5,4291.95,2878.18,3024.48,7852.3,5029.4,824.76,527.64,3764.15,1610.44,702.57,2545.52,1984.7,2937.15,3417.7,3358.56,3505.05,4745.7,1687.08,1815.48,3889.21,5468.4,2635.91,4121.25,4569.05,5078.37,2710.18,2288.9,3178.8,4010.9,3858.4,5786.67,3209.44,2865.01,1766.72,2824.13,5161,4656.44,6478.77,4457.38,2837.63,3575.74,6296.3,1283.39,8169.84,2836.2,2080.5,2553.6,3797,7605.1,6899,6348.39,2200.3,2957.14,2345.9,5183.85,3812.88,3346.8,1913.56,4137.56,6150,2509.78,2833.77,2293.68,4505.8,3115.02,6749.48,4299.06,1295,3785.3,2295,5240,950.5,7786,2158.6,6124.5,3333.6,1102.15,5371.36,6310,3563.65,8739.6,4268.55,2506.75,2087.4,1131.28,4068,3801.1,3587,5605.68,2294.5,2100.38,5607.65,4765,3659,3686,2353.1,2555,2387,3281.5,3204.6,1625.3,5759.1,6637.95,3109,5674.5,3894.35,123.6,4178.5,4107,1301.4,4796.03,4733.5,4736,2321.5,1658.07,2195.7,5769.61,4622.31,5086.75,4337.5,4320,6449.9,2958.18,879,1762,487,397,445,450,915,1675.5,3040,5670,2021.4,1707.8,7430,1528.2,623,593,359.5,261.5,554,637.4,378.4,737.8,380.5,4205,8960,4388,3290,607.05,730.9,964.45,949.6,1311.8,917.5,1229.9,830.4,1975.5,1016.6,1417,2378.6,4167.2,3360,6290,5405,2020,2346,3670,1570,5570,2440,1160,2640,1446,2819,2452,2905.5,2785.5,1566,2214,4357,3012.5,4203,2280,1308,7271,7141.5,4923,2667,5513.7,2189.4,7499,3811.2,6137,4875.6,4225.8,4809,6579,5232.55,6925,2429,4405,4387.5,4399,2035,2046,6109,2214.1,5163,130.5,2021,5465,2752.5,4669,1797,5558,1635,4011,4345,4114.5,4419.5,4493,4434.5,4234.5,3793.5,4609.5,3878,4346,4364.5,4498,4326.5,3987,4326.5,4195,4347,4690,4330.5,4065.5,3985,4843,4017,4841,4580.5,4282,4173,3985,4331,4348.5,4196,4457,3949,4143.5,4033.5,4633,3758,4276.5,4333,4634,4161.5,3931.5,4858,3789,5034.5,4864.5,5530.5,4566,4217.5,5213,5026,4268.5,3794.5,4549.5,4333.5,3536,3377.5,3419.5,3931.5,3479,3926.5,4191,2687.5,3868.5,3794.5,3695.5,3920,4192.5,4368.5,3548.5,3568,3349,3994,3794,3834,4301.5,4287.5,4005,4002,3863.5,3866.5,3300,378.68,363.6,654.9,246,415.4,383.6,4195,3765,1580,2500,1589,3795,3770,3890,875,1069.2,1284,1170,2490,8615,3105,3414,6221,4069,2594,1417.5,2845,3357.5,2668.5,1086,1625,1530,1580,1765,1670,2490,2530,1420,4080,3970,4570,4667,2578.33,1950,5812.5,4535,3687.5,4800,3694.85,3315.6,6256.5,5029.6,5114.75,3271.43,2658.76,3275.14,4866.45,5958.07,1129.19,1109.54,5572.2,4400,3400,4200,1110,4900,1430,10400,10100,4700,5000,4400,7400,5064.1,4372.7,5064.1,4372.7,2684.5,7920,1050,773,3970,3960,1418,5390,3216.1,1889,5480,3549,8850,8530,6335,2890,1370.8,5750,4510,1917.01,9516.03,6250,4492.02,2095,1904,4450,2994,10658,6765,7665.1,5224.4,7973.5,7299.5,9318,9258,9521,4547.4,5709.5,8344.5,8896.5,6734,7063.8,4787,4374,8166.5,8382.3,7766.5,6573.8,7088.1,6276.6,8331.6,6539,6477,6034,6404.5,6937,5661.6,5667,1774,5700,6660,4000,3130,5300,8032,7367,5476,4352,3582,7151,5440,5022,4778,2790.1,4637.2,3605.5,3139.43,3702.73,3301.82,4406.31,2528.83,7167.7,1874.3,3850.42,4052.26,2471.51,2542.74,3477.99,3969.4,9347.32,8262.2,7009,6830.67,5501.24,3213.5,10203.05,5652.1,5047.73,8940,5730,7650,4475,6347,3977,3800,8800,3450,5422.6,2120,6730,8220,4702,3747,6825,6996,3042,5391,6394,7665,7856,2819,4518,5191,2222,4869,3042,8027,6815,7214,6408,3924,4935,7492,6178,4087,3536,4056,5516,5992,3938,7371,7292,4018,8080,6014,5413,2407,2628,2944,5220,4727,9317,5069,3674,2662,4547,3256,4128,6711,6151,5854,6192,3308,5268,2457,4641,5561,8554,9271,5280,6964,6129,7989,5681,7100,6873,6913,4327,5910,4218,5708,5419,4937,3880,2214,2095,2457,2602,4187,3934,4641,4108,3985,3794,5561,4695,3460,3740,6872,4224,5296,3452,3368,3721,4479,7023,4462,4181,1764,3828,3470,4181,5991,3604,4133,2763,2592,2800,5788,4955,4310,3600,3713,4390,6077,5765,3700,3400,5200,6640,7560,6240,6150,4650,5880,7720,6140
1984,3103.96,5389.8,4753.6,3667.38,5392.04,3816.85,5121.08,3146.37,4401.13,7839,2794.7,3022,4593.7,2540.18,3852.5,4980.1,4661.04,6988.6,4929.67,4808.26,8165.85,2774.84,6777.4,4140.12,3470.22,5467,1920.66,6447.5,5362,4485.47,4906.95,3138.36,2650.26,8329.73,4753.6,1110.8,842,4444.55,1826.04,988.34,3194.47,2084.3,4029.03,3981,3380.52,3896.6,5413.8,2001.62,2147.28,4552.85,5359.6,3043.16,4970,4872.85,4593.38,3409.82,2776.95,3465.4,4373.29,3961.05,7934,4651.64,3575.16,1806.02,3172.9,5146.8,4426,6156.09,4387.3,3409.36,6815.37,6327.8,2135.98,7783.24,3034.8,2576.5,3140.8,4156,6143.5,7088.2,7260.88,2658,3196.73,2638.2,5749.35,4260.7,5351.8,2487.28,4302.8,6259,2668.32,2797.76,2319.71,4645.8,2550.3,6847.42,3852.6,1217,4701.4,2515,5152,989.5,9160,3148.5,6912.7,3928.7,1194.85,5418.64,7075,3947.25,10129.2,5290.7,5833.6,975,1312.6,6809,5190.9,6144.8,6436.12,2643.75,2520.48,6330.75,4965,3514,5754,2980,4840,3243.5,4740,3249,1943.3,6406,7480.05,3990,6740,4877.15,4027.8,4303.5,5386,1791.45,5224.88,3856.5,5598,3472.5,1666.53,3012.55,5623.18,4518.16,4809.05,4477.5,5366,5711.2,3290.73,966.5,1772,552.6,448,480,523,975,1785.5,2930,5400,2109,1789.2,7570,1620.4,662.5,676,440,278,612.5,698.8,420.4,813.4,420.5,3825,8540,4366,3846,397.35,452.7,950.5,1176.6,1576.8,726.55,894.2,780.5,1789,867.6,1440.5,4250.2,1535.25,3780,6310,5500,2530,2192,3960,1800,4540,2414,990,2700,1785,2932,2576,3079.5,2814,1686,2422.5,4938,3328.5,4267,2443.5,1560,6575.5,7414,5726.5,4569,4672.5,2343.6,7843,4037.2,6574.8,5203.4,4248.6,5565.5,6528,4972.15,7074,2870,4431,5307.5,4420,2173,2818,5833,2694.7,6375.5,192,2241,5445,2595,4920,2357,5099,1861,4169,4551,4273.5,4562.5,4680,4598.5,4481,4007.5,4720,4073,4512.5,4471,4625.5,4435.5,4111.5,4517,4316.5,4478.5,4835,4444.5,4356,4245,4988.5,4143,4956.5,4632,4468.5,4271.5,4022.5,4460,4373.5,4321.5,4606,4180,4267.5,4208.5,4763,3891.5,4481,4401.5,4727,4237,4087.5,5028.5,4112.5,5192.5,5205.5,6017.5,4814,4479.5,5126,4746.5,4459,3986,4676.5,4532.5,3954,3771,3591.5,4225,3649.5,4187.5,4538.5,2892.5,4155,3894,3922,4015.5,4350,4746,3624,3985,3730.5,4387.5,4066,4282,4924.5,4545,3976,4467,4128,4239,3344.5,350.19,325.2,595.74,209.7,438.36,446.2,3440,4392,1885,3000,2352,3725,3690,5125,1330,1161.8,1398.2,1245,3555,7285,2065,3297,5692,3844.5,2349,889.5,1424,5504.5,1879.5,2645.5,1785,1680,1725,1940,1825,2800,2930,1540,4090,3950,4750,7490,2487.08,1680,6250,5025,3333.33,3855,4020.48,3533.74,6116.91,4736.16,4888.61,3302.74,3090.22,3522.42,6212.98,5401.08,1142.13,1122.65,5751.4,4100,3600,4100,1160,5000,1560,13800,9400,4900,5450,4900,6900,5236.9,4509.1,5236.9,4509.1,2784.8,8220,1032,797,4040,4030,1366,5600,3347.2,1961,5930,3603,9030,9100,6415,2930,1365.4,5710,4620,2007.84,9685.82,6196.52,4720.61,2043,2017,4739,3075,10861,7169,7778.5,5240.4,8106.6,7397,9521,10252,9797,4563.2,5580,8417.1,9034,6882.5,7183.2,4932,4499,8153,8384.1,7841.5,6578,7210.5,6109.8,8560.2,6723.5,6645,6202.5,6823,7120.5,5713.8,5047,1755,5000,6460,4000,3480,5350,8073,7409,5454,4340,3568,7160,5557,5066,4822,3020.77,4704.7,3904.97,3425.98,4069.09,3739.58,4785.15,2956.86,7423.6,2554.25,4609.52,4482.15,2764.98,2825.84,3831.61,4455.64,9127.25,7769,6377.5,6722.89,4699.26,2932.67,9707.35,5707.13,5132.77,8085.5,5655,7180,5042,6551,4329,3667.5,9010,3310,5694.6,2605,6844,8720,4723,3815,6895,6806,3582,4998,6254,7559,7862,2350,4532,5372,2402,4608,3210,8102,6564,7159,6528,3919,5009,7683,6037,4335,3749,3684,5858,5852,4110,7321,5949,3704,8200,6916,5767,3004,2321,2364,4200,4512,9458,5644,3952,3103,4553,3551,4269,6796,6238,5891,5994,3036,4893,2550,5026,5707,8241,9020,4977,7182,6079,8021,5752,6932,6742,6690,4204,6065,4410,5815,5802,5134,3967,2333,2231,2550,2793,4797,4344,5026,4265,3922,4041,5707,4609,3058,3437,6393,3947,4892,3594,3642,3733,4872,6940,4688,4142,2074,3727,3255,4142,5947,3577,4103,2743,2576,2640,5711,4462,4417,3784,3253,4293,6796,6136,4600,3100,4900,6600,7000,7280,3790,6520,5870,7380,5410
1985,3360.27,5384.4,4344.6,3808.64,5117.64,3737.22,5769.76,3111.66,4168.4,8163.77,2828.5,3252.5,5005.6,2374.22,3923,5863.9,5668.75,6512.4,4964.15,5037.62,7495.8,2602.76,6279.2,4590.93,3659.18,5718,2016.12,6472,5677,4684.74,4738.76,3358.42,2333.84,7945.42,4344.6,1724.08,872.97,5150.1,1865.34,1094.23,3324.34,2327.4,4671.18,4085,3431.37,3935.15,6177,2289.02,2660.25,4305.41,8348.4,3582.14,5399.25,5274.25,4052.54,3764.28,2613.2,3381,4209.9,5494.25,7320,4292.54,3754.44,1834.62,3468.37,5039.6,4055.8,6044.58,4742.6,3268.46,6098.12,6916,2524,5592.72,4448.1,2840,3610.4,4252,5814.7,7108,8642.5,2423.7,3155,2836.8,5236.1,4108.14,5035.6,2696.24,4840.8,6453,2812.22,3134.98,2493.69,5256.7,2268,6823.48,3618.8,3084,3309.6,2011,5773,1625.1,8560,2819.2,7067.9,4545.2,1123.5,5991.2,6575,4308.15,9226,5635.2,4474,1475.1,1500.14,6583,4637.6,3535.8,6610.6,2825.9,2496.34,7058.5,4990,4108,3984.4,3314.4,672,4613,485,3173.2,2167.9,6568.5,7134.3,5217.5,6977,5802.15,3344.6,4754.5,5476,1918.8,5669.17,5632.5,5702,2047,1822.26,2880.75,5357.77,4258.75,4907.35,4220,3315,5474.1,3408.39,878.5,1824,625.2,507.6,510,588,1005,1943.5,6030,2460,2101.2,1788.4,7350,1647.6,712.5,730.5,493,313,664.5,756.8,454,875.8,467,3960,8740,4072,3658,505.5,528,951.4,1147,1457.8,658.55,693.3,663.2,1224.5,904.4,1395.5,5639.8,1109.35,4090,6090,5230,2280,2084,3200,1500,5310,2213,1142,3450,2238,2952,3138,3080.5,2744,1728,2481,5379,3343,4157,2599.5,1602,5440,7647,6141,6438,4342.2,2320.8,7324,3890.8,6068.2,5403.2,4619.7,5431.5,5004,5392.3,7198,2821,5259,5301,3783.5,2214,2770,6042,2900.1,7233,208.5,2018,5431,2208,4824,1530.5,4334,1595,4264.5,4684,4337,4636.5,4730,4679,4664.5,4146.5,4762.5,4246,4588,4667,4526.5,4412,4259,4585,4410.5,4532,4890.5,4451.5,4603.5,4290.5,4988.5,4242.5,4914,4752.5,4472,4269.5,4177,4578.5,4497.5,4430,4726.5,4188.5,4358,4347.5,4791.5,4102.5,4583.5,4443,4801.5,4328.5,4275.5,5178.5,4527.5,5328.5,5331.5,5628,5225,4480,5079.5,4697,4613,4377.5,4425.5,4163.5,3893,3967,3689.5,4339,3846.5,4478,4141.5,3388,4217.5,3970.5,3901,4218.5,4340.5,5182.5,3810,4232,3915,4573,3741.5,4407.5,4677.5,4526.5,4108.5,4486.5,4425,4085.5,3188,320.59,321,549.02,214.2,391.14,480.4,3550,4101,2100,3000,3031,3890,3910,5640,1635,1221.2,1494.2,1332,3810,7525,2790,2621,5748,3744.5,2563,877.5,3097,3330,301.5,2110.5,2105,1945,2015,2355,2160,3280,3600,1735,4350,4180,5000,6448,2277.92,1728,7754.17,4920,7062.5,4095,4476.59,3835.79,6660.03,4731.5,4897.57,3582.35,3077.54,3697.9,7045.62,5159.85,1155.74,1137.27,5812.3,4300,6200,6100,1590,4600,1890,13700,8500,7900,7650,10600,10300,5285.3,4523.9,5285.3,4523.9,2806.5,8280,981,810,4060,3870,1395,5640,3434.8,1998,5700,3549,8980,9305,7745,3190,1510.6,5540,4600,2171.03,9833.99,6333.08,4560.96,2301,2075,5099,3116,11139,7645,7902.1,5294.8,8272.4,7518.5,9973,10318,9997,4655.4,5700.5,8712.6,8909,6075,7184.1,5130,4709,8373,8621.7,8112,6793.8,7270.5,5829.9,8699.4,7034,6901,6533.5,7079,7410.5,5835.3,5008,1827,4850,6540,4100,3650,5400,8135,7472,5425,4330,3416,7130,5016,5074,4838,3285.82,5104.7,4252.14,3559.63,4626.02,4370.46,5363.47,3570.46,7933.95,3308.75,5493.2,5116.47,3223.44,3255.48,4340.44,5151.96,9139.19,7381.2,5925,6853.93,4582.2,3795.87,10238.95,5810.42,5237,7955.5,5990,8160,5145,6849,4312,4137,9060,3490,5621,3004,6983,9050,4738,3798,7940,6692,3012,5673,6253,7433,7685,2047,4547,5533,2617,4374,3482,8294,6333,7100,6682,3919,5048,7819,6017,4583,3966,3419,6167,3412,4673,6550,3753,2502,8206,7323,6340,3354,2687,2146,4200,5758,9539,5958,4175,3273,4541,3236,4447,6801,6243,6070,5343,2975,4651,2711,5043,5648,8100,8767,4809,7204,6102,7897,5879,6760,6593,6462,4098,6110,4469,6033,5535,5188,4073,2684,2457,2711,2928,4531,4011,5043,4174,4053,3750,5648,4195,3286,3407,5963,3677,4572,3586,3655,3776,4927,6871,4537,4468,2852,3898,3532,4468,6425,3980,4630,2981,2916,2780,6139,4667,5122,3739,3023,4099,7488,6155,7600,5800,8500,5880,5880,6640,5840,5570,5240,4940,8880
1986,3807.63,3656.2,2897.4,3114.42,4332.9,3739.97,4387.62,3572.88,4660.26,8892,3521.1,3551,5125,1519.1,4301,5514.6,6147.8,6482.8,5478.51,7432.37,7834.55,2826,3717.2,5141.19,3964.26,5956,2091.3,8373,6160,4926.51,5335.95,3840.68,2113.08,7082.5,2897.4,2064.24,746.3,6021.25,2262.4,1671.44,3378.96,2739.95,5695.14,4216.1,3934.71,4323.35,3402.3,2656.78,3055.29,3991.34,4870.2,4805.17,5550.75,5445.35,3369.58,4248.94,2887.6,3760,4548.8,6021.2,6345,4607.46,3695.14,1861.7,3865.61,4741.2,4320.8,4547.64,4660.88,3533.65,6025.66,6948.4,3034.06,5130.78,4552.5,3143.5,3878,4567,6359.65,6073.6,9354.88,2434.5,3167.98,4673.87,5945.7,4396.7,2648.6,2982.52,5067.32,6695,2937.3,3678.7,2826.05,6142.6,2357.94,6740.24,3918.6,2719,4186.7,2166,6248,1809.6,7120,3504.1,6899.8,4474.05,1374.25,5073.12,5335,4628.05,9667.6,5845.9,7208.75,2137.5,1766.78,3460,5232.5,245.2,5569.16,3643.45,2660.3,8031.45,405,4046.99,3734.8,3719.8,4639,4829.5,3415,2801.2,2407.78,6727,7133.4,5846.5,6558.5,5494.65,1537.8,5683,3904,2644.65,6139.42,5977.5,6070,2314,2176.02,2541.7,5265,4176.04,4913.6,4363,2053,4922.7,3214.71,614.5,1996,630,507.6,540,612,1155,1950.5,3530,4920,1913,1614.2,6750,1508.8,821,796,510,410.5,713.4,818.6,477.2,891.2,560.5,3640,5200,4274,3578,510.2,391.4,1063.7,1125.5,1079,606,545.2,599.95,1140.5,956,1637,2675.7,621.5,4310,4770,4740,2515,2182,3040,1700,4050,2834,938,3045,1071,2952,1926,3267,2655.5,3064.5,2665.5,5033,3157,3634,2730,1728,5717.5,7572,6285,7002,4451.4,2557.5,5672,3528.4,5946.2,5487.6,4767,5365,5208,3439.6,7903,2548,4735,5036,2823.5,2442,2342,6122,2576,6076.5,148.5,1934,4606,1795.5,3738,1333,5380,1647.5,4423,4670.5,4496.5,4691,4740,4681.5,4690.5,4287,4729,4283,4587.5,4734,4467,4490,4442,4600,4512.5,4625.5,4864,4542.5,4673.5,4358,4863,4288.5,4889.5,4775.5,4476,4321.5,4325,4680.5,4611,4567,4811.5,4474,4456.5,4556,4886,4353.5,4688,4556.5,4816,4384,4690,5107,5061,5228,5078.5,5206,5061.5,4587.5,4550.5,5524,4337.5,4495,4001.5,4189.5,3733,4160.5,3851.5,4498.5,4165,4212.5,4470.5,3868,4282.5,4029,3980,4421.5,4308,5273,4178.5,4200,4248.5,4513,3878,4356.5,4877.5,4261.5,4167,4225,4368,3971,3345,382.64,391.8,655.08,276.6,553.34,501.7,2785,4377,1915,2500,2492,4355,4390,6865,920,1276.6,1574,1416,5055,8785,3295,2687,6022,4240.5,2999,1170,3639,4765,429,1812.5,2080,1895,1970,2365,2195,3180,3560,1715,3970,3870,4440,5589,2587.08,1812,9305.83,4080,9625,5505,5175.79,4263,7055.13,5329.8,5071.37,4072.64,3047.46,3681.52,8046.78,5624.67,1171.17,1153.29,5745,6800,4700,5200,1460,4100,1950,10700,8300,6100,6700,6200,9100,5132.4,4348.3,5132.4,4348.3,2753.8,7510,919,794,3760,3730,1129,5630,3457,2029,5390,3254,8330,8150,9025,3180,1605.1,5600,4510,2309.38,9979.86,6537.92,4869.38,2434,2110,5287,3072,11012,7871,8038.4,5369.9,8370.8,7654,10086,10459,10092,4687,6127,8707.2,9392.5,6660.5,7283.7,5212,4800,8611,8851.5,8632.5,6953.8,7348.2,5770.8,8857.2,7208,7046.5,6740,7354,7344,6024.3,5260,1951,5050,6500,4300,3710,5750,8172,7513,5390,4315,3390,7108,5078,5058,4828,3674.14,5509.9,4770.08,3451.5,5062.43,4903.1,5826.22,4105.51,8194.61,4125.1,6261.74,5671.98,3628.32,3643.12,4789.95,5788.44,9193.65,7245.6,5703.75,6932.35,3542.8,3876.13,8857.1,5899.55,5340.1,7635,5880,7720,5190,6830,4332,4418,9050,3610,5809.4,3621,7120,8510,4429,3782,8402,7154,3006,6664,6235,7384,7686,1751,4558,5682,2841,4122,3745,8388,6047,7007,6760,3881,5081,7919,5593,4810,4169,2940,6418,3182,4886,6127,2069,1385,8164,7940,6283,4213,3349,2166,3420,8635,9576,6211,4344,3420,4591,3066,4708,6788,6213,5838,4650,2907,4392,3014,5558,6332,7908,8433,4750,7253,5977,7715,5674,6600,6435,6162,4079,5540,4888,6810,6319,5785,4243,3265,302,3014,3214,4884,4516,5558,4763,4527,4215,6332,4139,3246,3408,5790,3544,4493,3562,3714,3652,4804,6538,5378,4702,3077,4087,3760,4701,6753,4363,4754,2804,2874,2900,6478,4763,5435,3403,2663,3560,7285,5531,3100,3100,2800,5840,8560,6880,4240,5360,4930,8310,8130
1987,4387.88,4034.8,3256.4,3847.2,4620.5,3820.81,4614.72,7150.65,3924.48,9344,3931.5,4045,5421.7,1710.2,4714.5,5868,6061.7,6433.6,5673.78,9712.9,8585.1,3494.92,3559.6,5279.97,4264.36,6797,2206.68,8765.5,7157,5028.27,5774.62,4730,2710.44,6992.92,3256.4,2496.48,872.22,6921.2,2931.08,1782.14,4149.8,3206.3,6775.05,4750.5,4745.88,4649.95,3561.3,3313.24,3429.69,4580,5203,5560.5,6394.5,5630.2,2798,4593.82,3328.9,4225.2,4903,6419.85,8043,5534.72,4142.07,2218.5,4385.73,4965.4,4534,6565.89,4774.8,3374.84,6103.3,7404.2,5770.06,4122.38,5031.8,4066.5,4216.6,4949,6930.5,5919.6,8961.2,2363.3,3247.5,5021.4,6066.25,5273.58,2659.6,3165.84,4996.88,7163,2998.64,3867.95,3228.19,7436,2930.42,7023.82,4173.8,2634,3754.7,2210,5368,1872.4,7260,4132.7,7263.1,3852.55,1266.25,4878.16,5545,5015.75,7762.4,7286.05,15586.15,2826.4,1966.26,4745,7034.4,4745.9,6463.16,4984.35,2816.78,8689.9,5040,7011.99,3250,3912.4,5706,4160.5,3975,4391.4,2956.58,7027.7,7405.95,6171,5968.5,5815.1,2252.8,6188,3823,2832.9,6965.03,6334,6878,2709.5,2733.57,3017.3,4900.33,3866.36,4558.3,4828,2575,5639.5,4205.43,552,1822,727.4,586.2,605,706,1320,2321.5,4120,4830,1965,1662.4,6510,1541,931.5,912,559,474.5,779.2,881.2,530.4,944.6,648.5,3945,7780,4948.5,3632,568.65,427.3,1218.85,1099.7,863.8,772.6,1205.6,653,1286,1054.4,1495,2453.2,1924.7,4520,5140,5380,2615,2186,3090,1970,4190,2952,1184,3900,1251,3211,1490,3300,2817.5,3294,3187.5,5270,3394.5,3479,3339,2061,7257.5,7470.5,6496,7491,3804.9,2914.5,4875,3491.6,6870.8,5578.2,4760.1,5614.5,5388,3062,6039,2766,4739,5497,3468,2389,2690,6065,2848,6755,141,2123,5214,2913,3858,1615,6273,1710.5,4416,4720.5,4351.5,4810.5,4690,4700,4700.5,4433,4660.5,4295,4633.5,4690,4543,4393,4562,4655.5,4392.5,4786,4781.5,4719,4729.5,4550.5,4803.5,4370,4917.5,4774,4521,4368,4306,4788,4720.5,4737,4769,4576.5,4572.5,4648,4916.5,4521.5,4735.5,4606,4855.5,4448,4562.5,4690,4505,5156,4795.5,5105.5,4824.5,4581,4362.5,4936.5,4315.5,4380,4218,3854.5,4087,4273,3768,4422.5,4299.5,3910,4361,4020,4279,4022,4207,4295,4344,4797.5,4405.5,4060,3604.5,4499.5,4150.5,4344,4845.5,4305.5,4321,4369.5,4254,4164.5,3344.5,518.64,481.5,869.52,311.7,615.42,584.7,4705,3195,2240,4000,3248,4375,4485,5600,1700,1465.6,1726.6,1518,6030,9820,4155,3343,6695,4968,3883,1399.5,4122,4133,243,2443.5,2325,2190,2255,2525,2375,3580,3950,2035,3230,3110,3920,10376.25,2691.67,1980,8281.67,4250,7750,6525,5825.23,4624.23,7109.43,5357.96,5836.56,3834.09,2760.68,4049.82,9225.54,5803.49,1191.06,1172.45,5906.5,5500,4700,5100,1470,3400,1590,10500,9200,6200,6750,6400,8300,5326.8,4518.6,5326.8,4518.6,2851.1,7320,946,809,4070,3880,1184,5750,3585.3,2086,5780,3473,8510,7215,7370,2630,1286.5,5610,4690,2600.27,10062.9,6691.56,4709.73,2461,2077,5406,3215,10882,7850,8128.4,5432.7,8499.9,7874.5,10246,10370,10109,4842.2,6576.5,8981.7,10147,6843.5,7000.5,5380.5,5146,8489,9173.4,8746,7240.4,7871.4,5940,8964.9,7467,7290.5,7131.5,7158,7354.5,6073.5,5303,2100,5000,6780,4250,3960,5800,8196,7542,5352,4298,3364,7079,5128,5026,4802,4015.38,5630.6,5208.87,4028.77,5338,5301.02,6090.01,4517.76,8308.47,4875,6874.52,6086.66,3956.07,3942.28,5128.66,6265.02,9149.39,7151.8,5590.25,6988.63,3366.48,3919.93,8578.7,5968.48,5419.08,7402.5,6115,8660,5174,6918,4516,4969,8960,3960,6050.2,3840,7225,9120,4999,3775,8636,7718,3130,7416,6216,7489,7780,1540,4549,5795,3020,3903,3993,8460,5799,6926,6834,3861,5121,7983,4914,4964,4304,2471,6596,3521,5466,6770,4902,3668,8341,8138,6396,4840,4299,3729,3080,9981,9528,6248,4328,3481,4694,3240,5038,7005,6402,5985,4849,2813,4457,3295,6114,6818,7916,8259,4753,7538,6232,7545,5816,6609,6482,6178,4045,5505,5196,7426,7116,6279,4425,3760,3607,3295,3460,5687,4836,6114,5106,4785,4706,6818,4101,3189,3525,5671,3426,4489,3702,3863,3706,5164,6920,4557,5049,3791,4291,4056,5048,7312,4824,4960,3084,3398,2720,6826,4490,5435,3846,2963,4204,8014,6334,3400,6700,7300,7040,7480,7320,4570,6270,5080,8010,6850
1988,4936.99,4230,3525.2,4632.3,5488.8,4094.63,5128.51,8288.37,5132.45,9551,4941.4,4915.5,5968.1,3871,5290.5,5875.89,5973.15,9045.38,5613.33,9902,9043.9,5002.05,3358.2,6049.41,4863.74,8529,3205.44,11467,3823,5500.53,6798.39,5360.6,3976.18,7826.13,3525.2,2960.4,1813.79,7745.8,3164,2433.18,5088.46,3787.5,7537.29,4660.8,5128.11,5345.25,4254,4134.82,5946.81,5235.6,5039.2,5959.47,7624.5,6299.7,3128.9,5378.14,3740.15,4304.6,4700,6565.7,7592,6620.18,5190.23,2499.82,4825.11,5983.8,4302.8,6352.59,4448.5,3610.24,6699.88,7429.3,5955.4,4146.7,6118.1,3748.5,4355.4,5473,7911.5,5859,8908.4,3955.8,3094.71,4960.7,6387.65,7328.25,2544.6,3580.66,5375.82,8050,3652.06,3885.5,3780,9396.5,2937.76,7303.28,4137.6,2485,3852,2540,5726,2130.9,4820,4635.9,7279.2,4872.4,1404.1,5432.72,3650,4899.25,8378,7686.95,25052.3,3867.3,2465.1,4936,8543.3,7728.2,6883.56,6595.35,2891.88,7906.9,5225,5485.99,4376.4,3860.2,8656,8290.5,6175,4617.6,3575.08,7444.7,7921.8,7061.5,6200,4061.25,3536.6,5546.5,3880,3466.2,7657.73,6228.5,6572,3007.5,3313.62,4199.45,4529.55,3551.47,4275.1,4945,2416,4867.4,4378.53,704.5,2560,777.2,611.2,680,831,1695,2376.5,3600,4770,1903.4,1605.6,6400,1513.2,1012.5,1001,649,535,835.8,942.2,567.6,1003.8,699.5,4300,9540,4490.5,4006,670.9,1044.3,1511.95,1494.8,2353.2,696.1,1101.8,677.2,1410.5,1134,1448.5,3721.9,1120.95,4880,4970,5365,2595,1718,1560,1910,3220,3017,2072,5520,954,3409,1416,3426.5,2797,3666,3409.5,5100,3335,3321,3498,2328,7132.5,4778,5516.5,4449,3804.3,2977.2,5260,3878.8,6615.3,5903.2,5068.8,5931.5,5832,4510.25,6032,3152,5316,5832.5,3457.5,2683,2638,5858,3104.2,7255,264,2501,4771,1942.5,3950,1349,5600,1656.5,4448,4814.5,4489.5,4844,4762,4719,4746,4556.5,4725,4493.5,4714.5,4737.5,4709.5,4564,4627,4887.5,4543.5,4830,4847,4731.5,4762,4707.5,4842.5,4435.5,4799.5,4853.5,4725.5,4570,4535,4894,4789,4834.5,4778.5,4702.5,4729,4787,4974,4729,4772.5,4783.5,4951.5,4572.5,4158,4663.5,4472.5,4972.5,4954,5039,4795.5,4537,4451.5,5234.5,4399.5,4560,4430.5,4110.5,3889.5,4409,4009,4585.5,4261,4221.5,4463,4093,4427,4323.5,4623,4341,4431.5,4623.5,3939,4284.5,3929.5,4504,4423,4284,4566,4472,4320,4403.5,4442,4436,3762,452.19,416.7,759.2,287.4,613.94,645.8,370,6510,2410,3000,3535,4385,4450,4345,1465,1665.2,1927,1620,7620,10710,3900,4035,8149,5324,2940,1690.5,1957,5924.5,1009.5,2155.5,2365,2205,2280,2595,2460,3510,3730,2005,3470,3360,3890,10818.75,2330.42,1974,7680.83,5175,7541.67,5550,6183.17,5169.31,5552.19,5458.86,6082.78,4289.88,2712.32,4322.72,9456.15,5920.57,1206.71,1187.71,6031.8,5500,5700,6300,1680,3400,1510,10600,10400,7500,7850,8500,9600,5418.9,4583.6,5418.9,4583.6,2904,7120,924,828,4130,3900,1135,5890,3740.5,2145,5580,3462,8450,6760,6750,2330,1129.9,5540,4770,2869.87,9984.17,6779.6,4785.92,2310,2233,5622,3218,11060,8025,8252.7,5438.6,8664.9,8198,10724,10725,10424,4878.4,6703.5,9026.1,9521,7006,7125.3,5693,5450.5,9071.5,9238.8,8948,7307.4,8170.8,6129.3,8921.7,7744.5,7450,7397,7308,7474.5,6581.7,5075,2158,4650,6540,4500,4250,6100,8216,7568,5310,4277,3338,7052,5183,4992,4776,4213.46,6557.6,5447.36,4757.5,5360.79,5446.1,6069.81,4725.9,8306.58,5502.5,7403.14,6229.16,4108.26,4077.14,5236.19,6496.62,8973.47,6696.4,5443.75,6935.74,2823.33,3672.9,7682.15,5998.08,5463.33,6958,6040,8620,5414,6962,4704,5204.5,8840,4240,6260.2,3821,7284,8800,4784,3754,8101,8813,3554,7889,6172,7412,7843,1334,4527,5870,3186,3648,4252,8539,5508,6834,6891,3830,5186,8040,4087,5128,4450,2063,6787,3538,4208,6681,5032,3903,8456,7932,6309,5101,4803,4448,3520,10948,9448,6675,4393,3951,4733,2932,4983,7059,6450,6042,4388,2611,4263,3437,6445,7110,7848,8146,4738,7678,6231,7534,5882,6408,6321,5924,3929,4930,5427,7849,7425,6563,4530,4028,3801,3437,3734,5577,5155,6445,5305,5123,4874,7110,3941,2998,3223,5319,3118,4401,3723,3835,3648,5252,6882,5362,5222,4200,4382,4208,5221,7539,5010,5279,3157,3580,2740,7122,4933,5165,4039,3242,5077,8731,6112,7600,2800,10000,6000,6240,6760,5720,7530,6540,5510,6990
1989,5379.75,4793.2,3070.2,4656,5250.9,4338.03,5163.21,8809.8,6277.6,10042.9,5388.4,5949.5,6271,4010.8,5995,6658.3,6259.05,7062.4,5751.05,10045.3,9806.85,5052.8,3434.8,6659.25,5283.64,8839,3676.83,12523.5,4227,6747.02,7928.83,5025,4421.52,8061.94,3070.2,3274.64,2509.23,8388.45,3464.8,2825.79,6462.07,3889,8887.5,4598.9,5434.38,5383.5,4734.9,5101.18,6402.27,6167.5,5888.6,6089.81,8987.5,6781.45,3204.4,7520.38,4334,4937.6,5103.1,7277.95,7745,7021.66,5156.69,2724.56,4851.63,6086,4452.2,6197.76,4793.3,4142.63,7530.76,8321.9,6145.56,4308.62,6548.6,5037.5,4692.2,6246,8203.5,6929.8,9371.6,2652.4,3110.79,6223.4,6881,7219.31,2362.8,4007.78,5948.76,8731,3864.38,5014.47,3937.94,8917.5,3013.44,7661.38,4214.2,2689,3192,2385,6145,2093.4,4740,4277.9,7115.2,5531.65,1650.75,5655.28,2545,5696.15,7612.4,8680,25805,5057.9,3644.38,2481,8236.8,7303.3,5939.64,8141.45,3043,7795.55,5690,5395,4474.8,4807.9,9325,9227.5,5855,1906.8,4138.5,8003.8,7636.05,6747.5,7613,5611.9,3683.4,4553,3436,4249.5,8130.23,6405,7134,3286.5,3923.31,3330.55,4130.8,3312.32,3526.8,3958.5,3392,4342,4279.68,488.5,1596,796.6,621.2,755,877,2355,2451.5,5480,4980,1837.4,1547.4,6250,1454.2,1042,1010,663.5,559.5,888.9,994.6,604.8,1059.4,759.5,3775,5900,4590.5,3752,748.15,1198.2,1332.35,1597.2,2510.4,656.85,1057.2,774.45,1951,1328.6,1795.5,1871.9,950.6,5040,5250,5675,2795,1844,1420,2240,4480,3130,2138,5925,1212,3619,1206,3472,2743.5,4512,3508.5,5433,3483,3156,3649.5,2367,7162.5,3722,6239,3082.5,3549.9,2741.7,5005,3993.6,6563.2,6337.4,5689.5,6009.5,6183,3623.5,5517,4229,6085,6599.5,3189.5,3229,2934,6083,3422.2,7849.5,372,2556,4178,910.5,4213,1188,6039,1641.5,4778,4880,4772.5,4907.5,4895.5,4848.5,4873.5,4753.5,4874,4751.5,4905.5,4821,4819,4846.5,4763.5,4883.5,4753,4882.5,4923.5,4812,4856,4836.5,4884.5,4552.5,4869,4929.5,4817.5,4791,4744,4904.5,4847,4890,4899,4845.5,4837,4916,4938.5,4842.5,4882,4842.5,4999,4714.5,4559.5,4762,4568,4843,4966.5,4753.5,4968,4748,4685,5744.5,4703.5,4748.5,4808,4763.5,4516.5,4677.5,4719,4906.5,4646,4936.5,4842.5,4699.5,4748.5,4683,4940.5,4616.5,4722,4943,4747,4709,4601.5,4750,4432.5,4811,5047.5,4694.5,4728.5,4639.5,4758.5,4875,4704,638.02,603,1053.98,387.6,775.68,708.8,665,5853,2250,3000,2800,4400,4415,4825,1190,1887.4,2181.8,1758,8940,11695,2045,2663,7280,5655.5,2564,1558.5,1737,6977.5,1452,1801.5,2330,2175,2240,2540,2430,3460,3460,1950,2980,2900,3240,8003.33,2353.33,1935,6799.17,6030,6166.67,5640,5531.64,5518.58,4590.39,5834.24,6400.77,4767.38,2605.64,3796.14,7431.28,8065.94,1222.14,1201.53,6054.6,6700,4600,5400,1470,3200,1450,8800,11700,6100,6750,5700,7500,5399.9,4540.4,5399.9,4540.4,2907.8,6720,893,828,4080,3780,1029,5920,3943,2189,5490,3371,8240,6115,6435,2100,1019.6,5550,4750,3114.64,9861.01,6823.63,4785.92,2239,2246,5896,3139,11234,8316,8356.5,5474.7,8776.8,8334.5,10947,10400,10449,4946,7020.5,9125.7,9582.5,7348.5,7256.4,5836,5654.5,9018.5,9339.9,9507,7327.4,7521,6596.4,9121.2,7916.5,7722.5,7587.5,7520,7613,6472.8,4828,2193,4400,6440,4600,4540,6200,8230,7590,5264,4254,3312,7019,5237,4952,4744,4613.48,6579.8,5957.51,5622.65,5513.39,5730.03,6188.8,5060.84,8240.59,5905.8,7749.78,6526.62,4379.9,4323.76,5479.23,6841.14,8912.51,6583.6,5520.9,6865.46,2328.58,3582.67,7236.9,6178.9,5659.05,6711,5890,8760,5320,7210,5001,5267,8820,4170,6468.8,3800,7545,6960,5174,3689,8463,9055,3878,9961,6141,7441,8081,1189,4502,5949,3349,3452,4467,8623,5257,6712,6967,3781,5202,8080,3715,5269,4574,1848,6949,2779,4031,5405,3579,2863,8403,8519,6382,5764,5092,5700,3300,9346,9329,7319,4690,4459,4744,2798,5089,7177,6529,6261,3991,2625,4220,4088,6770,7781,7868,7976,4613,7845,6135,7905,6107,6026,6092,5378,3618,4740,5769,9039,8404,7289,4778,5422,4904,4088,3923,5862,5562,6770,5722,5697,5330,7781,3731,3224,3407,5157,2990,4334,3920,4054,3858,5021,7540,5280,5367,4682,4430,4337,5366,7762,5214,5543,3313,3770,2870,7285,5072,6523,4556,4297,4266,7650,8158,3100,4900,10900,6320,5480,7960,4690,5280,6200,5530,6180
1990,6158.68,5602,3601.6,5228.52,4899.2,4185.92,5089.94,8953.5,7446.28,10173,5766.2,6616.5,6901.8,4120.8,6510.5,7101.4,6189.35,6891.6,5261.98,10056.3,10774.75,4512.15,3644.2,6907.26,5789.4,8757,4721.37,12166,4481,6775.18,7751.34,5062.6,4417.08,8551.94,3601.6,3970.12,2835.65,8570.2,5180.4,2994.88,5119.36,3926.5,9787.14,4356.6,6037.95,5640.85,5266.5,5934.92,7184.37,5986.5,7721.4,6426.15,9001.75,7420.2,2357.91,8417.04,4479.5,5960.8,5781.1,7191.25,8205,6923.6,5225.47,2914.08,5563.15,6441.8,4772.8,8351.82,4382.1,4784.77,8351.41,8770.7,5822.06,4951.6,6573,5697.5,5301.2,6875,9098.5,7320,9197.1,2678.4,3272.7,6009.8,7657.65,6548.4,2487.8,4109.02,6644.8,9537,4235.66,5263.46,4435.61,9370,3527.64,8816.56,4489.6,2801,4865.6,3145,7808,2064.8,5140,4460,6958.4,6406.35,2140.65,9712.32,3450,6483.45,199.6,8305,16960,5982.1,4284.78,1598,8328.8,7809.05,6334.18,8500,3373.08,5036.15,6170,6004,3816.8,4719,7108,7182,4420,2307.8,4856.04,8629.9,6775.35,6221.5,7778.5,5498.5,3937,4694.5,1746,4078.8,8242.13,5934.5,7544,3703,4326.66,3326.2,4225.07,3454.33,3244,5032,2130,4701.9,4799.25,532,1950,875.2,672.4,835,1014,2745,2687,2970,5430,1888,1598.2,6190,1483.4,1173,1146,751.5,618,951.2,1056,648.8,1123.6,837.5,3790,5480,4780,3558,881.85,1408.6,1618.2,1640.7,2640.6,695.2,1095,769.45,1751.5,1283,2035.5,2353.8,1187.2,5550,5530,5970,2885,2206,1960,2190,3950,3359,2152,6525,1071,3728,1192,3662,2729,5241,3832.5,5535,3600.5,2957,3964.5,2304,7432,5462.5,6012,2895,3306.6,2748.3,4980,4067.8,6777,6127.2,5778.3,5368,6945,3648.9,5582,4528,6798,7244,3583,3150,3754,6659,3673.3,8285.5,571.5,2629,4366,1344,4586,1283.5,5773,1856,5000,5000,5000,5000,5000,5000,5000,5000,5000,5000,5000,5000,5000,5000,5000,5000,5000,5000,5000,5000,5000,5000,5000,5000,5000,5000,5000,5000,5000,5000,5000,5000,5000,5000,5000,5000,5000,5000,5000,5000,5000,5000,5000,5000,5000,5000,5000,5000,5000,5000,5000,5000,5000,5000,5000,5000,5000,5000,5000,5000,5000,5000,5000,5000,5000,5000,5000,5000,5000,5000,5000,5000,5000,5000,5000,5000,5000,5000,5000,5000,5000,5000,5000,547.32,499.2,946.82,356.1,691.7,765.9,1300,5436,2250,3000,2835,4665,4700,3875,1390,2072.6,2413.6,1923,9975,13935,4045,2913,7085,6444.5,4073,2530.5,5099,5871.5,2679,1628.5,2310,2165,2235,2510,2430,3140,3180,1975,3370,3320,3460,5356.25,2708.33,2121,5225.83,5810,6333.33,6000,4942.91,4925.87,3955.32,5978.26,5950.14,5504.4,2590.5,3353.98,6729.17,9199.68,1244.22,1224.16,6175.9,5500,4500,5400,1720,3100,1300,8100,12200,6100,6650,5500,9200,5554.9,4666,5554.9,4666,2980.7,6500,902,849,4420,3900,1097,5950,4101.6,2237,5670,3517,8290,6475,7225,2310,1112.5,5540,4830,3274.28,10079.83,6867.65,4916.55,2471,2276,6164,3294,11261,8621,8460.5,5529.6,8865.8,8334.5,11201,11564,11054,4914.8,6951,9095.7,9308.5,7195.5,7413.3,5992,5769,9159.5,9514.8,9533,7487.6,8127.3,6196.8,9434.4,8113,7845,7802.5,7740,7786.5,6571.5,4922,2324,4400,6420,4850,4720,6500,8244,7612,5214,4226,3284,6987,5296,4910,4710,4672.4,5382.6,6070.75,4621.08,5586.08,5951.23,6242.2,5305.29,8238.18,6444.5,8185.14,6735.6,4626.46,4543.34,5640.72,7042.1,8986.03,6357.6,5891.6,6917.44,2150.66,3438.63,6135.1,6010.58,5511.38,6629.5,6090,8500,4636,7161,5168,5447,8730,4400,6444.4,3827,7349,6300,4749,3658,8087,8401,3568,9567,6083,7442,8305,1006,4481,6039,3525,3291,4754,8802,5028,6628,7051,3759,5177,8110,3153,5390,4681,1554,7093,2447,3942,4838,6275,5491,8355,9116,6836,6384,5994,5582,3740,10284,9198,7635,4918,4626,4799,2990,5023,7308,6639,5894,3827,2650,4136,4788,6957,8225,7915,7678,4523,8054,6002,8426,5747,5772,6022,4852,3426,3880,6108,9858,9355,7898,5241,6768,6341,4788,4015,6000,5577,6957,6013,5951,5703,8225,3502,3406,3455,5045,2884,4322,4038,4136,3786,5022,8196,4151,5622,5294,4563,4522,5622,8073,5386,5881,3595,4222,2590,7796,5861,5921,3932,4221,3841,7200,6617,5200,2500,6100,6280,6800,6320,4100,5930,5530,5960,6310
1991,6876.58,5065,3407.4,5656.72,4317.9,3950.49,4786.4,7991.01,6741.69,8751,5937.9,7247,6479.2,4084.2,6670,7375.8,5963.7,6413.6,6275.53,8687.2,10476.5,4350.8,4183.4,7032.42,5862.2,7748,5243.28,12881.5,4395,7079.44,8468.2,4878.6,3819.84,9303.02,3407.4,5589.92,3193.03,8858.75,5090.2,3546.68,4035.35,4380,9683.85,4016.2,6516.51,5708.2,5429.7,6366.5,7854.54,5006.5,7292.2,6852.72,7292.25,8232.45,2576.76,8164.52,5005.35,6573.6,6189.1,6512.65,8636,6811,4591.06,3042,6255.27,6102,4898.4,8716.8,4128.3,4729.16,8655.88,8756,6043.04,4842.88,6207,5986.5,5465,7174,3828.5,7506.6,8942.5,2487.4,3715.08,4951.3,7811.5,6621.26,2728.4,4325.1,7047.6,9595,4374.38,5595.9,5227.23,9358.5,3879.96,9366.04,4578,2465,4231,3157,7448,1809.7,4120,4383,5961.1,5817.1,1757.35,6237.2,1740,742.6,7759.6,7825,10480,7016.4,4706.34,587,8353.7,3659.1,1558,9115.7,4412.32,4601.45,3775,6129,2790.4,4450.2,6192,3622,1355,634.6,5763.38,8251.1,1399.65,6009.5,2413,5495.1,4128.4,4841.5,1071,6529.5,7871.93,6204.5,6744,2749.5,4720.41,3975.25,4181.2,3245.4,3880.1,7989,2805,4645.7,4902.84,491,1826,1007.2,769.2,875,1190,2880,2870.5,4640,5100,1912,1630.8,5880,1490.4,1308,1294,779,660,1014.7,1117,695.2,1189.6,885,4385,6520,4704,3358,898.5,1351.6,1773.9,1668.6,2563,760.9,1165.8,866.05,1779,1257.2,2771,3129,2189.25,5660,5510,6165,2970,2404,2270,2130,3760,3776,2580,7125,1227,4010,1484,3736.5,2694.5,5425.5,4143,5645,3825.5,2759,4092,1692,7645,4995,5520.5,2148,3105.6,3062.7,4535,4332.4,7157.7,6424.8,6106.5,5565,7032,3738.85,3110,3806,6764,7261.5,3784,3276,3998,5828,3546.8,7986,753,2740,4913,1611,4801,1572,8984,2123,5094,5059,5166,5126,5110.5,5081,5146,5132,5100.5,5210,5114.5,5143.5,5207,5145.5,5073,5088.5,5220.5,5196,5171.5,5033,5185,5169,5159,5284,5243,5141,5321,5180,5220,5083,5078.5,5086,5128.5,4959,5128,5222.5,5123,5107.5,5069.5,5185,5088,5259,4868,5184,5310.5,5224.5,5172,4689,5111,5238,5392.5,6057,5049.5,5394.5,5121,5018.5,5230,4864.5,5223,4927.5,4996,5702,5123,4731.5,5169.5,5077,5172.5,5018.5,5237,5328.5,4775,4941.5,5380.5,5166,5190,5145,5032,5180,5502.5,5222.5,5352.5,5343.5,5330.5,643.14,551.4,1097.74,405.3,822.64,810.8,1660,4977,2250,3230,2982,5245,5315,3155,1580,2245.2,2613.2,2103,11325,16730,4140,2873,5864,7065.5,5383,2983.5,6133,5557.5,1093.5,1842,2250,2130,2195,2430,2325,3180,3230,2000,3170,3120,3290,6568.75,2668.75,2586,5305,3700,10958.33,9420,4703.21,4490.63,3443.61,5095.04,5863.97,5253.62,3070.08,3191.98,6564.67,9817.72,1265.03,1244.85,6307.6,5700,3900,5200,1620,4500,1170,8000,10400,5400,5600,4700,9700,5665.3,4742.9,5665.3,4742.9,3043.4,6350,885,865,4530,3870,1143,5900,4193.3,2291,5840,3558,8280,5900,6585,2110,1002,5570,4830,3323.94,10148.93,6911.67,5000,2535,2341,6462,3440,11062,8993,8539.3,5527.1,8965.2,8606.5,11128,10651,10655,4747,6640,8808.3,9317,6977.5,7003.5,5932,5811,8866.5,9127.8,9134.5,7231.6,7877.7,5932.5,8772,8084,7742,7871,7658.5,7478,6483,5450,2430,4850,6500,4950,4460,6650,8249,7628,5159,4196,3254,6951,5347,4852,4660,4938.21,4199.1,6419.33,5136,5616.14,6184.34,6270.27,5440.92,8134.3,7027.65,8606.92,6874.34,4858.76,4706.64,5730.79,7160.82,8763.29,6128.2,6034.9,6649.65,1693.56,3502.87,5819.6,6250.33,5735.3,6802.5,6180,10350,4753,7130,5382,5550,8780,4450,6511.2,4197,7647,5950,5089,3616,8376,8259,3714,9665,6158,7440,8445,966,4451,6129,3669,3157,5091,8987,4820,6554,7177,3781,5162,8132,2945,5506,4783,1473,7234,2307,3947,4598,9590,8725,8232,9102,6633,6834,7284,6836,3500,11317,9002,7619,4762,4763,4820,2840,5502,7329,6660,5394,3116,2827,3910,5113,7058,8385,7863,7207,4496,8164,5726,8863,5276,5520,5891,4310,3298,3170,6345,1036,9663,8161,5473,7211,6960,5113,4266,5770,5452,7058,6126,5997,5789,8385,3493,3862,3970,5011,2919,4185,4327,4389,3901,5105,8931,4914,5835,5796,4676,4712,5835,8447,5530,6577,4317,4486,2290,7946,5116,7498,4342,5165,4127,7828,7318,4600,6700,4900,5680,7720,6560,5010,4890,4180,6300,5080
